ham_word,hword_count,sword_count
several,2,0
staying,8,0
Chikku,0,0
Holla,1,0
laptop,7,0
wheat,1,0
Declare,1,0
guidance,0,0
skyped,2,0
REGRET,1,0
ajith,2,0
repeating,1,0
Sac,2,0
flash,2,0
nothis,0,0
confirmdeny,0,0
Aka,1,0
taxi,0,0
lotsof,1,0
ayn,3,0
zeros,0,0
categories,1,0
password,4,3
fridge,0,0
RISE,5,3
soft,6,0
huai,1,0
fundamentals,1,0
needing,1,0
easier,3,0
north,3,0
Nottel,0,0
mufti,1,0
ability,3,0
applebees,2,0
obey,1,0
listn,1,0
matters,1,0
num,47,34
Caught,1,0
two,29,26
participate,1,0
porridge,0,0
powerful,1,0
mindsetbelieve,0,0
moment,8,0
photos,4,0
Usf,1,0
perpetual,1,0
Therell,0,0
hsbc,0,0
Beer,2,0
clearly,1,0
embassy,1,0
Evening,2,0
veggie,1,0
jack,4,0
Sweet,7,0
tag,8,0
foregate,1,0
gibe,1,0
book,34,3
Jordan,1,0
Chinese,3,0
Emotion,1,0
buttons,1,0
GOTMARRIED,1,0
hear,56,6
arrive,1,6
desparate,3,0
desk,1,0
Kkapo,0,0
Available,1,2
Mother,1,0
chad,1,0
Kusruthi,4,0
Buy,2,3
HOWS,2,0
Abiola,9,0
rinu,2,0
first,35,5
negative,1,0
CER,3,0
quiet,1,0
appear,1,0
kaila,1,0
Purpleu,0,0
Cuz,2,0
Ever,12,2
Problms,1,0
Ull,0,0
nonetheless,0,0
muchimpede,0,0
jetton,1,0
Wednesday,0,0
downloaded,1,1
Anything,11,0
freek,1,0
success,6,0
sitting,7,0
Force,0,0
american,1,0
essay,1,0
decimal,1,0
batchlor,1,0
smiles,1,0
activities,4,0
perform,1,0
looks,3,0
fridays,1,0
Thgt,2,0
concern,1,0
hidden,1,0
school,20,0
nights,1,2
infra,1,0
power,7,0
foot,6,1
KNACKERED,1,0
cya,0,0
comin,51,2
sighs,0,0
bear,2,0
considering,3,0
Mmmmm,5,0
Truth,4,0
marry,6,0
tarpon,1,0
deyi,0,0
Badrith,1,0
naughty,5,0
Thk,9,0
Dino,1,0
atHome,1,0
champ,1,0
profiles,0,0
Muz,4,0
blowing,1,0
set,31,5
RIGHT,1,1
bcz,1,0
studies,1,0
herI,0,0
lap,10,0
senthilhsbc,0,0
urself,5,0
stifled,1,0
lonely,3,0
narcotics,1,0
perhaps,0,0
chastity,1,0
repairs,1,0
newsHype,0,0
ecstasy,0,0
elephant,1,0
railway,2,0
purchases,1,0
MySpace,1,0
adding,1,0
hadya,0,0
sunday,3,0
taylor,2,0
misundrstud,1,0
disagreeable,1,0
oral,2,0
effect,2,0
anyways,0,0
vill,4,0
dine,3,0
londn,1,0
picking,12,0
hip,30,3
itmay,0,0
Boss,5,0
doin,9,0
JUSWOKE,1,0
accident,5,0
vai,12,4
ovarian,1,0
venugopal,1,0
planning,8,0
kids,2,0
punish,2,0
china,2,0
lock,7,1
steak,1,0
major,3,0
talking,13,0
racing,2,0
hooch,1,0
sachin,2,0
Depends,4,0
skirt,0,0
animation,1,1
answering,4,0
comingtmorow,0,0
numberpls,0,0
specialisation,0,0
Ela,1,0
Eat,3,0
Beauty,1,0
Ditto,0,0
partnership,2,0
Hasnt,0,0
stunning,0,0
uSo,0,0
cliffs,1,0
bullshit,1,0
Received,0,0
FUDGE,1,0
fighting,1,0
zyada,1,0
Ron,1,0
nevamindWe,0,0
REALISE,1,0
trips,1,0
youwanna,1,0
FFFFUUUUUUU,1,0
Nofew,0,0
Gudnyt,1,0
eightish,1,0
Gary,3,0
upto,2,2
dresser,4,0
paracetamol,1,0
hunt,2,0
simply,2,1
Shuhui,2,0
GOOD,23,0
sale,3,2
married,3,1
bell,13,0
oga,8,0
dec,30,1
GRAN,2,0
ganesh,1,0
missing,13,1
diapers,1,0
tiz,4,0
borrow,1,0
problum,1,0
sometme,1,0
sup,36,7
madstini,1,0
chapel,1,0
menu,4,1
training,5,0
invnted,3,0
Feb,2,1
drinks,3,0
kittum,1,0
boyy,0,0
parentnot,0,0
returning,1,0
costumes,0,0
accomodate,0,0
lubly,0,0
function,1,0
explicitly,1,0
attractioni,0,0
Ima,2,0
boost,3,0
cute,4,0
NITE,4,0
bringing,3,1
evei,0,0
crucial,1,0
secret,5,10
bilo,1,0
Hogli,1,0
sayhey,0,0
anjolas,0,0
Cab,2,0
torture,1,0
uniqueI,0,0
wth,4,0
slots,2,0
wherebtw,0,0
end,276,101
Takin,1,0
lasting,1,0
pounded,1,0
btwn,1,0
fact,10,0
greeting,2,0
HELL,3,0
TAKE,2,1
genes,1,0
aids,1,0
formsdon,0,0
homewot,0,0
windows,1,0
SLEPT,1,0
Update,1,10
wkend,1,1
depression,1,0
Nothing,11,0
charge,10,14
Courageous,1,0
ding,79,14
shopthe,0,0
themP,0,0
faceasssssholeeee,0,0
HAVBEEN,1,0
Arul,0,0
steve,1,0
whenever,10,0
june,0,0
dealer,2,0
BBDpooja,0,0
ethreats,0,0
Truro,1,0
Aiya,14,0
surprise,5,2
italian,2,0
simpler,0,0
duvet,1,0
eveB,0,0
fren,10,0
Looking,1,0
fixd,1,0
gandhipuram,1,0
nevr,2,0
report,2,0
preferably,2,0
juz,19,0
LOOK,4,0
reminded,1,0
shaping,1,0
whos,3,1
willpower,1,0
Ryder,1,0
game,7,6
begin,3,0
lovable,5,0
odalebeku,0,0
bowls,1,0
chief,0,0
didnt,29,0
evaporated,1,0
push,3,0
gravy,0,0
killed,2,0
iter,3,0
sufficient,0,1
spontaneously,0,0
weird,6,0
realy,2,0
error,1,1
dog,10,2
accounting,1,0
lambu,1,0
blanket,2,0
Remember,7,0
gram,4,0
arty,11,0
lonlines,1,0
necklace,2,0
scorable,1,0
eviction,1,0
firsg,1,0
esplanade,1,0
message,43,26
Fun,2,0
feet,0,0
module,3,0
hopeSo,1,0
sport,5,3
Alright,7,0
Wrong,1,0
toleratbcs,0,0
wishin,6,0
optimistic,1,0
flatter,1,0
comprehensive,1,0
oyster,0,0
ltDECIMALgt,0,0
bright,3,0
Diseases,1,0
failure,1,0
giving,9,1
Noi,0,0
dime,2,0
snake,1,0
dislikes,3,0
Said,0,0
netflix,1,0
smsing,1,0
gautham,1,0
address,9,4
Weightloss,0,0
mistake,6,1
knowthis,0,0
urgent,2,5
sized,1,0
fool,5,0
tough,7,0
caroline,1,0
tonitethings,0,0
actual,23,0
virgin,1,1
sha,42,2
catches,1,0
stressfull,0,0
timeslil,0,0
safety,1,0
caps,0,0
LAPTOP,1,0
geting,1,0
piss,4,0
dehydrated,0,0
alian,6,0
showers,1,0
hail,1,0
wake,24,0
Affectionate,0,0
relationshipits,0,0
innu,1,0
craving,1,0
colany,1,0
bar,17,0
personally,1,0
KATE,3,0
PAUL,0,0
nite,24,4
BETTERSN,1,0
wedding,2,1
schools,0,0
gold,2,2
massages,0,0
hearted,1,0
SLEEPING,1,0
significance,0,0
fun,25,11
baig,1,0
sweet,25,0
chikkuwat,0,0
aha,33,2
concert,1,1
Prabu,1,0
SORRY,4,0
Tired,0,0
babysit,2,0
grandmas,0,0
Shb,1,0
Hearts,0,0
mis,114,11
kick,8,2
Pray,1,0
winterstone,1,0
Fine,3,0
individual,1,0
careabout,1,0
tall,13,1
chat,10,21
cooking,1,0
goigng,1,0
bruce,2,0
restock,2,0
lennon,0,0
SAD,1,0
songs,4,0
alsoor,0,0
vava,3,0
hitman,1,0
Though,5,0
Thout,1,0
tix,2,0
den,40,20
god,9,0
qet,0,0
Pass,1,0
occasion,1,0
ave,136,10
INTERVIW,1,0
letter,7,0
Nver,0,0
log,16,10
Tmorrowpls,0,0
GIFTS,0,0
back,88,21
Jsut,2,0
Jesus,2,0
kanowhr,0,0
takin,21,1
expect,9,0
mobile,13,80
dudette,0,0
responding,2,1
GIV,6,1
carefully,0,0
callon,1,0
parking,3,0
cut,21,0
Missed,1,1
grownup,1,0
passport,1,0
exmpel,0,0
Edison,2,0
Squishy,1,0
callin,14,4
dificult,3,0
pull,4,0
pattys,0,0
Sitting,2,0
roger,0,0
sry,1,0
pap,12,2
BIRD,1,0
colour,5,15
products,1,0
bfore,1,0
Sent,5,0
TALKIN,2,0
amused,0,0
plural,1,0
theKingshead,1,0
daysso,0,0
nevering,0,0
Try,3,2
expensive,3,0
smiling,7,0
CIN,0,0
tell,106,15
cheque,0,0
CUM,1,0
dey,2,0
IndianPls,0,0
cars,3,0
Xmas,3,8
Chinatown,1,0
speeding,2,0
Melle,3,0
secondary,1,0
Dependable,1,0
Jokes,0,0
spotty,0,0
yam,1,0
heater,2,0
Says,1,0
fullonsmscom,0,0
entirely,1,0
Pharmacy,1,0
Ups,1,0
abusers,1,0
per,98,68
fetching,1,0
Neither,1,0
Good,67,8
clue,0,0
brats,1,0
years,12,4
sura,5,0
want,184,18
XoXo,1,0
velachery,0,0
callurgent,0,0
bigger,2,0
Traffic,1,0
Sux,1,0
Hmmmbut,0,0
Early,1,0
problemfree,0,0
positions,1,0
visiting,1,0
minstand,0,0
forfeit,0,0
uncountable,1,0
unfortuntly,1,0
board,4,0
breathe,2,0
armand,4,0
bakrid,0,0
take,107,16
difficult,9,0
generally,3,0
birthday,12,0
Dunno,16,0
chic,5,0
onlydon,0,0
nte,85,52
dayhas,0,0
massive,2,0
WEN,7,0
Sinco,2,0
atlanta,1,0
Cool,1,0
Waitshould,0,0
COLLEGE,1,0
showered,1,0
Kkfrom,0,0
vale,5,0
Mmmm,6,0
Bani,1,0
warm,4,2
Sweetest,3,0
GAILxx,1,0
ive,168,98
send,110,47
TISSCOTayseer,0,0
Sweetheart,1,0
freak,5,0
WANT,5,1
masteriastering,1,0
Hii,0,0
pudunga,1,0
attend,6,0
auctionpunj,0,0
URGOIN,1,0
Dey,3,0
officeunderstand,0,0
Innocent,1,0
lovers,1,0
moved,2,1
competition,2,3
voucher,1,22
dysentry,1,0
give,88,6
cuddled,1,0
treats,1,0
mall,14,0
lehHaha,0,0
approaching,0,0
spoon,1,0
cme,1,0
homelove,0,0
less,47,0
blanked,1,0
Soany,0,0
finishing,3,0
edward,2,0
going,136,1
taunton,3,0
badly,1,0
dimension,1,0
Short,3,0
accordinglyor,0,0
fps,1,0
puzzeles,0,0
TEXD,1,0
office,16,0
heartsnot,0,0
fat,15,0
tons,3,1
tomoCant,0,0
GODI,0,0
could,47,9
deep,9,1
Walk,0,0
mokka,2,0
sorryi,0,0
music,5,1
Transaction,4,0
fold,1,0
traffic,0,0
BBDthts,0,0
space,6,0
fault,3,0
Rent,1,2
ortxt,1,0
beach,1,0
bye,2,1
body,27,2
oxygen,0,0
Air,2,0
saw,21,0
lecturer,1,0
Litres,1,0
samantha,1,0
versus,1,0
WORRYC,0,0
peeps,1,0
loads,9,4
phonebook,1,0
dawns,1,0
youwhen,0,0
Call,24,138
Remembered,1,0
zealand,0,0
Indeed,1,0
private,1,2
exactly,5,0
Catching,1,0
remb,0,0
mine,13,0
motor,3,0
GIRLS,1,1
chillaxin,0,0
Lover,5,0
TOWN,2,0
film,7,3
Happy,33,0
rightly,2,0
Üll,0,0
brain,5,0
sweets,2,0
Tyler,1,0
fightng,3,0
anythiing,1,0
reformat,0,0
range,9,24
ashleys,0,0
BEAUTIFUL,1,0
police,1,0
awesome,5,0
named,2,0
difference,0,0
Sos,0,0
ITXT,1,0
naseeb,1,0
resubbing,1,0
messageit,0,0
portal,0,0
unlimited,2,3
underdtand,1,0
gota,2,0
Saeed,1,0
hwkeep,0,0
converted,1,0
PETE,0,0
front,4,0
apparently,3,0
payback,0,0
copy,9,0
SOONC,0,0
style,7,0
alot,1,0
prove,5,2
uterus,0,0
persevered,1,0
accidentally,4,0
tomorro,49,6
WAY,4,0
Day,1,4
complete,16,1
option,2,0
Qatar,1,0
Reach,2,0
court,1,0
skype,4,0
undrstnd,2,0
teluguthts,0,0
limits,1,0
hasnt,1,0
friends,37,1
shoes,1,0
Yesterday,1,0
Pathaya,1,0
applying,0,0
AGOCUSOON,0,0
Margaret,0,0
otherwise,4,0
comingdown,1,0
lion,4,2
tmrw,1,0
REALY,1,0
area,6,5
hair,18,0
apps,2,0
Whenre,0,0
Bloody,1,0
Proverb,0,0
speak,12,6
fret,0,0
spare,3,0
reference,4,3
workout,1,0
delicious,1,0
blame,3,0
laden,0,0
worse,5,0
refilled,2,0
ollubut,0,0
weekend,12,9
fyi,5,0
Sry,1,0
worries,6,0
wocay,1,0
church,1,0
Hmm,8,0
duo,1,0
helping,0,0
CaRE,2,0
recharge,1,0
wondar,2,0
statements,1,0
walkin,6,0
air,38,1
strange,2,0
work,95,28
quote,3,1
things,34,2
Schools,1,0
Two,3,0
msg,40,16
lady,4,0
kip,3,1
silently,2,0
unsold,1,0
crave,11,0
screen,4,0
Geoenvironmental,1,0
service,3,54
tortilla,2,0
contribute,1,0
Fails,2,0
Faith,1,0
WERETHE,1,0
innings,1,0
inperialmusic,1,0
rows,4,1
chikkugoing,0,0
FIZZ,0,0
allday,0,0
whileamp,0,0
canceled,0,0
upon,0,0
converter,1,0
Gotta,1,0
galcan,0,0
tacos,2,0
ego,2,0
fumbling,0,0
bomb,1,0
unbelievable,1,0
Gam,1,6
COS,1,0
achieve,1,0
five,2,3
ideal,2,0
limit,6,3
Mandan,2,0
avenue,1,0
vomiting,1,0
Amrita,1,0
ISNT,1,0
practicum,1,0
melody,0,0
COOL,1,0
allow,4,4
hudgi,1,0
Maretare,1,0
keypad,0,0
lovingly,2,0
ground,0,0
Kinda,0,0
anymore,2,0
adventure,1,0
Obviously,0,0
punishment,1,0
occupied,0,0
lecture,4,0
top,48,59
oil,3,1
commercial,1,0
Diwali,1,0
recovery,1,0
suzy,1,0
prayingwill,0,0
karaoke,2,0
Work,1,0
impressively,0,0
YEAH,2,0
GOODEVENING,1,0
STIL,2,0
completing,0,0
paid,6,1
wun,6,0
camry,1,0
Stuff,1,0
batch,2,0
Say,7,0
ponnungale,1,0
mountain,1,0
Yep,4,0
Nope,8,0
dismay,1,0
Sony,1,10
impression,1,0
scold,2,0
makes,19,0
Msgs,1,2
HehE,1,0
nails,1,0
reg,20,7
worms,1,0
lifebook,1,0
sweatter,0,0
flute,1,0
printed,2,0
weeddeficient,0,0
user,3,4
Brilliant,0,0
intelligent,1,0
Twiggs,1,0
MONKEYAROUND,0,0
award,1,45
mnth,1,0
blank,4,0
GIMMI,1,0
steed,1,0
nxt,5,0
escape,3,0
MOON,1,0
dis,68,12
airport,4,1
packalso,0,0
wer,39,9
Cold,0,0
PAY,1,0
traveling,0,0
intention,3,0
dreams,6,0
thangamits,0,0
fainting,1,0
leaving,15,0
grinder,0,0
Enjoy,8,5
deari,0,0
BARMED,0,0
ducking,1,0
wheel,1,0
Splat,0,0
seeing,13,0
Camera,1,4
something,47,0
dined,1,0
bros,3,0
sian,2,1
disturbing,2,0
galileo,2,0
tobacco,0,0
adds,1,0
tool,0,0
final,12,12
mundhe,1,0
prob,57,0
stamps,3,0
vote,4,0
Scotch,2,0
dryer,1,0
Mayb,13,0
deam,0,0
STATION,0,0
jokethet,0,0
available,10,1
bottom,2,0
Langport,0,0
warned,1,0
upsetits,0,0
aight,6,2
URGRAN,1,0
yuou,1,0
miles,1,0
blue,8,1
oso,20,1
Tick,0,2
FRESHERS,1,0
tease,1,0
Pics,1,1
huh,5,0
tired,11,0
Syria,1,0
garments,1,0
fights,0,0
lyf,2,0
inform,7,6
awake,5,0
ubi,1,0
praps,1,0
screwd,1,0
tape,3,0
OnionRs,0,0
mia,1,0
Michael,1,0
elama,1,0
spreadsheet,1,0
todayhe,0,0
Birthday,3,0
carso,0,0
acknowledgement,1,0
weaseling,1,0
taught,1,0
amnow,1,0
novelty,1,0
students,1,0
original,1,4
Bam,1,0
wise,12,0
Especially,2,0
victors,1,0
ful,75,0
anand,1,0
Sary,1,0
respect,1,0
curtsey,0,0
ctla,1,0
theater,1,0
Ctter,0,0
princes,3,0
mega,1,0
miracle,8,0
hardcore,1,0
spelling,0,0
Orh,1,0
HOWU,1,0
ViVa,0,0
Ahmad,6,0
anniversary,2,0
ONLYFOUND,1,0
solihull,0,0
neva,12,0
predicting,1,0
miiiiiiissssssssss,1,0
forgiven,1,0
nordstrom,1,0
MilkdayNo,0,0
muchi,0,0
dancin,2,0
app,153,20
reminding,1,0
Hanging,1,0
minecraft,1,0
advice,4,0
propsd,2,0
specify,1,0
arts,7,5
swhrt,1,0
likely,2,0
Realy,1,0
Dude,10,0
desperate,2,0
Hari,0,0
kintu,1,0
ttyl,1,0
irritation,0,0
attached,2,0
offer,6,18
card,13,1
logged,1,0
padhegm,0,0
grab,1,0
Determined,1,0
Sometimes,4,0
jane,0,0
Address,1,0
THEACUSATIONS,0,0
prayers,1,0
usb,4,0
neighbors,1,0
losing,4,0
entire,2,0
lengths,1,0
embarrassed,1,0
nightsExcellent,0,0
tshirt,0,0
dagood,0,0
ritten,1,0
IMIN,1,0
Inform,1,1
Bcoz,5,0
sheffield,1,0
usually,4,0
official,3,5
uploads,0,0
Shjas,0,0
uwant,1,0
totes,0,0
ASTHERE,1,0
match,3,11
alright,8,0
catching,2,0
worldvery,0,0
coins,2,0
word,27,17
result,5,3
babies,1,0
Sold,1,0
overdid,1,0
wenever,1,0
selfish,1,0
MEREMEMBERIN,1,0
unhappy,1,0
confirmd,2,0
sonathaya,1,0
Hmmmhow,0,0
HOWDY,1,0
singing,2,0
ali,42,27
Unless,3,0
rubber,1,0
Compliments,1,0
Mind,4,0
gotany,1,0
smoothly,0,0
toaday,1,0
get,352,54
LOOKIN,1,0
Package,1,0
reserves,1,0
coveragd,1,0
heads,3,0
happenin,6,0
brilliantly,0,0
mcat,1,0
wereare,0,0
joinedso,0,0
musical,1,0
beforehand,0,0
Rajipls,0,0
loti,0,0
syrup,0,0
becoz,3,0
studdying,1,0
YEAR,3,0
dreamstake,0,0
broke,6,0
atrocious,0,0
SUM,1,1
busetop,1,0
GOING,1,3
Wylie,1,0
latest,1,27
blown,1,0
Sun,5,7
hor,24,9
goto,2,4
ishtamayoohappy,0,0
Pansy,0,0
knows,8,0
sensible,0,0
hoping,8,0
Something,3,0
practicing,2,0
thinking,17,0
THECD,1,0
Ssindia,0,0
NONENOWHERE,0,0
Toa,1,0
questions,5,2
slightly,2,0
debating,1,0
anthony,0,0
triumphed,0,0
model,4,0
shirt,5,0
sar,15,0
Values,0,0
everyones,1,0
multimedia,1,0
Red,1,1
informedRgdsRakheshKerala,0,0
Woke,1,0
checking,11,0
worlds,1,1
Shivratri,1,0
bian,2,0
truekDo,0,0
Friday,1,0
sumthin,0,0
attack,0,0
kits,0,0
wil,24,2
reality,1,0
blackand,0,0
Except,1,0
mood,3,0
division,1,0
summon,1,0
March,2,0
Erutupalam,1,0
arranging,1,0
itor,1,0
offline,1,0
EAT,2,1
Right,4,0
ccna,1,0
weeks,4,8
Headin,1,0
MISSY,0,0
rushing,0,0
accenture,1,0
fooled,1,0
wot,11,1
Shall,10,0
fake,1,0
HMM,1,0
khelate,1,0
vaguely,1,0
couldnt,0,0
hopeafternoon,0,0
shelves,1,0
personMeet,0,0
cheyyamoand,0,0
machan,0,0
crash,4,0
UPDAT,1,0
andros,2,0
leaves,10,0
events,1,0
fond,2,0
Everybody,1,0
whats,8,0
intrepid,1,0
Lucky,2,0
ltURLgt,0,0
browsin,1,0
Meds,1,0
Gin,2,0
Sounds,10,0
ahnow,0,0
Think,12,2
gET,1,0
bath,18,0
titleso,0,0
cbe,3,0
night,87,6
settling,1,0
Nurungu,3,0
whens,0,0
flower,2,1
Mumtazs,0,0
MSG,1,3
STRIKE,1,0
describe,1,0
Ujhhhhhhh,1,0
Howz,6,0
clearer,0,0
electricity,2,0
cancelled,2,0
total,5,0
flow,5,1
Ummmmmaah,3,0
Evn,1,0
Wanna,3,6
rhode,1,0
Seventeen,1,0
SEEING,0,0
processnetworking,0,0
line,29,41
verifying,1,0
paru,0,0
usLET,0,0
avatar,3,0
shouting,0,0
gayle,0,0
educational,2,0
BCozI,0,0
meaning,5,0
resolution,0,0
wetherspoons,0,0
touched,2,0
totally,4,0
dint,7,0
Itll,0,0
Arngd,1,0
backa,0,0
funny,4,0
thing,223,5
satü,0,0
dollars,3,0
cud,8,1
market,3,1
thandiyachu,1,0
OURBACKS,1,0
child,10,1
Must,5,0
processExcellent,0,0
science,0,0
NOTHING,1,0
Imprtant,1,0
Start,5,3
laundry,1,0
another,30,2
temp,10,21
almost,12,0
fifteen,3,0
praying,2,0
Monday,2,0
bothering,1,0
msging,1,0
Terry,0,0
indian,0,0
auntys,0,0
teethis,0,0
stuck,3,0
coldheard,0,0
drinking,3,0
spile,2,0
habit,0,0
resizing,1,0
onluy,1,0
SERIOUSLY,0,0
rons,0,0
daurgent,0,0
everything,22,0
cause,17,1
part,40,12
Total,2,0
Dare,1,0
Full,1,0
version,2,0
Expecting,1,0
Cheers,2,0
miwa,1,0
tron,5,0
sugar,3,0
shell,1,0
Sends,1,0
Oooh,2,0
LONGER,1,0
wiv,4,2
act,94,68
wifi,2,0
explain,2,0
TELLMISS,1,0
BREAK,2,0
rolled,1,0
Yeah,42,1
opener,0,0
todaydo,0,0
AINT,1,0
Hint,1,0
Hello,13,2
Super,3,1
haircut,0,0
Blackim,0,0
hanger,1,0
hard,23,0
finally,9,1
earn,9,2
bsnl,1,0
easy,7,3
JADE,1,0
exciting,2,4
footblcrckt,0,0
verified,2,0
youso,0,0
blessing,3,0
crap,3,0
typical,1,0
creep,4,0
individualtime,0,0
Sagamu,1,0
Jus,12,0
Sunday,1,0
opening,3,0
ipaditan,0,0
Sort,1,0
boobs,0,0
Makes,1,0
cabin,5,0
goodwhen,0,0
madam,1,0
found,11,1
bit,41,0
payasam,1,0
dinner,24,0
shame,2,0
enjoy,19,4
threats,1,0
drivin,21,1
gucci,1,0
doctor,3,0
anyway,10,0
nuclear,1,0
Somewhr,1,0
cantdo,1,0
washob,1,0
painit,0,0
rocks,1,0
philosophy,2,0
sooo,4,0
served,2,0
trains,2,0
bloodblood,0,0
bill,10,5
longer,6,0
characters,0,0
pass,18,9
came,27,19
immed,2,5
Wld,1,0
Simple,4,0
belly,5,0
alwa,46,0
celebration,2,0
lage,4,1
films,0,2
endless,1,0
AROUND,0,0
registration,1,0
tvlol,0,0
dollar,5,0
jiu,5,0
tablets,2,0
dealing,1,0
predictive,1,0
beside,1,0
hex,2,0
Guess,7,6
onedge,0,0
mums,0,0
shove,1,0
seems,9,0
danalla,0,0
Dearregret,0,0
arrested,5,0
westonzoyland,0,0
aburo,0,0
newscaster,1,0
STOP,1,45
phasing,1,0
datoday,0,0
wylie,0,0
scratches,1,0
PISS,1,0
drms,1,0
kodstini,1,0
anderson,1,0
persons,6,0
umma,5,0
squid,0,0
thx,1,0
misscall,1,0
Wun,1,0
Weiyi,1,0
cooped,1,0
Loverboy,1,0
admin,3,0
grooved,1,0
battle,0,0
tts,0,0
rdy,2,0
Gravity,0,0
Honey,5,0
Tho,7,0
Stay,2,0
xavier,2,0
happens,7,0
resend,0,0
nyt,74,12
THESEyours,0,0
Kothi,1,0
pictures,4,0
dancce,1,0
anjie,0,0
sunshine,0,0
ADRINK,1,0
next,42,13
stuff,33,0
loss,4,0
Brandy,2,0
cage,1,0
sections,1,0
dictionary,0,0
shouted,3,0
business,3,0
Princess,0,0
WOULDNT,0,0
Lovable,4,0
Hurts,2,0
xxxx,8,0
Guy,1,0
OTHERWISE,1,0
Dun,23,0
chase,4,3
lit,41,5
makin,23,0
placed,2,0
lifeand,0,0
tears,0,0
though,55,1
lover,6,2
Abt,1,0
Sday,1,0
liaoToo,0,0
ill,246,18
Small,1,0
Yesgauti,0,0
Audrie,1,0
roads,1,0
chennaii,0,0
kinda,7,1
Putting,2,0
Icic,0,0
forgot,25,0
mary,1,0
baskets,0,0
Staff,1,0
egg,6,0
Insha,1,0
barrel,1,0
enters,1,0
Hmmmkbut,0,0
mrt,8,0
spiffing,1,0
freaked,0,0
misbehaved,2,0
respond,6,2
dawhats,0,0
pushes,1,0
calicut,2,0
owns,4,0
soooo,3,0
lor,31,1
Yar,12,0
rummer,0,0
data,1,0
disclose,2,0
player,8,10
among,3,2
responsibilities,0,0
stayin,10,0
matured,4,0
forums,1,0
steal,2,0
bck,0,0
opposed,1,0
inspection,1,0
uOthrwise,0,0
CALL,9,21
Tears,1,0
profile,1,0
gud,14,0
black,8,0
Craigslist,1,0
returns,5,0
hurting,2,0
hes,34,9
Dan,1,0
canteen,1,0
gudk,0,0
employers,0,0
SIB,2,0
reset,1,0
supportproviding,0,0
proper,4,0
Becoz,1,0
Moms,1,0
unable,3,2
Sister,3,0
urination,1,0
lorgoin,0,0
yettys,0,0
deciding,2,0
arrival,1,0
Kidz,0,0
loud,2,0
using,10,2
messageIts,0,0
zhong,1,0
shopping,16,4
manual,1,0
mailed,2,0
Woo,2,1
Sexy,1,1
toa,3,0
heartgn,0,0
waste,5,0
approaches,1,0
suffering,1,0
Cause,1,0
turned,6,0
vodka,0,0
wrote,1,0
nit,37,5
tooo,2,0
Kkwhere,0,0
weak,6,0
luvs,2,0
applespairsall,0,0
bless,5,0
christmassy,1,0
wont,30,0
gauge,1,0
Dad,10,0
ceiling,0,0
workage,0,0
edge,1,0
dealFarm,0,0
Havent,5,0
plane,4,0
epsilon,2,0
HOUSE,1,0
OUTSOMEWHERE,1,0
acid,0,0
loans,1,0
unrecognized,0,0
Second,1,0
marriage,2,0
argue,4,0
KING,3,1
rice,6,15
arithmetic,1,0
house,19,1
addicted,2,0
Vikky,0,0
mids,2,0
Oops,8,0
POINT,1,0
appreciate,6,0
goodno,0,0
Teresa,0,0
muht,1,0
serious,6,0
lotr,1,0
exist,0,0
scenery,1,0
cons,17,0
Pandy,1,0
twins,1,0
Wendy,1,0
lessons,4,0
date,12,18
BUZ,1,0
welltake,0,0
WRK,1,0
applyed,1,0
Babe,7,2
UCALL,0,0
PUB,2,0
believe,14,2
INVITED,0,0
yeovil,1,0
dwn,1,0
accomodations,0,0
decide,23,0
especially,5,0
Dictionary,3,0
burning,2,0
base,2,0
youdoing,1,0
Surly,1,0
parish,1,0
Cutter,0,0
breakfast,1,0
burrito,0,0
amk,0,0
logoff,1,0
Ten,6,11
DONTIGNORE,1,0
watches,1,0
skip,2,0
Living,2,0
spending,3,0
jog,0,0
IJUST,1,0
stomach,3,0
sometime,5,0
sorrowsI,0,0
TODAY,4,2
application,2,0
birth,17,0
Apps,1,0
Die,0,0
downs,2,0
deartake,0,0
gOoD,1,0
DIRTY,1,1
modelsony,0,0
lives,2,0
hillsborough,1,0
file,8,0
wizzle,1,0
presnts,1,0
wudnt,0,0
bollox,1,0
JOBYET,1,0
welcome,2,0
fuckin,14,0
job,28,0
HelloHow,0,0
flim,0,0
entered,5,6
experiment,0,0
rcbbattle,0,0
pure,1,0
nature,2,0
list,24,1
itlet,0,0
Watch,14,0
IKNO,2,0
moneeppolum,0,0
strangersaw,0,0
Remembrs,1,0
kills,2,1
outages,1,0
East,1,1
sense,5,0
tagged,1,0
deposit,2,0
pillows,1,0
merely,1,0
Lessons,0,0
banks,3,0
Kkare,0,0
Cali,1,0
Wot,6,0
mentionned,1,0
PSXTRA,1,0
wiskey,2,0
Time,6,0
dedicated,2,0
lovin,9,0
missions,2,0
expression,0,0
plum,2,0
ended,6,0
path,2,0
Cozsomtimes,0,0
Customer,5,11
successfully,2,0
hermy,0,0
workin,29,0
sent,66,20
Stop,5,8
morn,39,0
Shell,0,0
broken,2,0
dreamsu,0,0
helen,2,0
nothing,13,2
sips,0,0
Park,0,0
tranquility,1,0
owned,1,0
mtnl,1,0
Pie,1,0
NYTHO,0,0
Today,18,18
kuch,1,0
suite,2,0
Thanks,27,13
Frnd,1,0
postal,1,0
steam,2,0
Lolnice,0,0
didntgive,1,0
thruRespect,0,0
stretch,1,0
One,12,0
Coz,9,0
interest,7,0
Holby,0,0
Ard,9,0
bread,1,0
vargu,1,0
Aiyah,6,0
Wen,15,0
price,5,10
wouldnt,0,0
album,1,0
varaya,1,0
colleg,9,0
fever,2,0
Muhommad,0,0
Vettam,0,0
Greeni,0,0
fals,1,0
possibly,1,0
Much,3,0
Nature,4,0
Derp,0,0
questioned,3,0
Put,6,0
history,2,0
misss,1,0
Girls,1,0
sandiago,1,0
bone,1,0
trying,27,15
flew,1,0
Prof,0,0
meis,0,0
Cardiff,2,0
walking,5,0
theatre,4,0
TEXT,2,10
robs,3,0
links,1,0
used,12,2
WENT,3,0
dough,2,0
kill,7,1
papa,1,0
SIMPLE,0,0
creativity,1,0
regular,2,1
deyhope,0,0
OFSI,1,0
chikkuil,0,0
formclark,0,0
jolt,2,0
Anyways,3,0
wrong,11,0
plans,8,0
inner,26,12
Play,2,6
employee,1,0
thm,5,0
simulate,1,0
hills,2,0
handsomes,1,0
hee,21,0
essential,4,0
conversations,1,0
ahead,6,0
MMM,2,0
wee,93,65
everyboy,1,0
princess,2,0
scarcasim,1,0
wow,1,1
pints,1,0
STILL,1,0
planet,1,0
guy,50,3
retired,1,0
dobbys,0,0
diamond,2,0
personal,5,2
situation,5,0
someplace,0,0
onlinewhy,0,0
Agalla,1,0
tau,6,0
father,7,0
samus,1,0
UPYEH,0,0
Yet,1,0
herlove,0,0
transfered,3,0
ibm,0,0
timeyou,0,0
Shola,1,0
toss,1,0
Nowadays,1,0
cafe,5,0
province,1,0
itplspls,0,0
USED,1,0
common,2,0
valuing,1,0
reunion,0,0
Anytime,1,0
little,24,3
quizzes,1,0
kept,4,3
LIKEYOUR,1,0
Make,9,2
lac,67,6
slice,2,0
TALKBUT,1,0
ALSO,1,0
alwys,1,0
reception,1,0
Crab,1,0
timing,3,0
bday,3,0
SirI,0,0
scores,1,1
garbage,1,0
drastic,0,0
boring,2,0
neighbor,2,0
ends,59,10
starve,1,0
men,62,35
wtf,2,0
watchin,23,0
govtinstituitions,0,0
wld,1,0
bambling,1,0
cruise,1,2
glorious,1,0
URN,2,0
shindig,1,0
spk,1,0
IBN,0,0
shuhui,3,0
thats,21,0
paying,6,1
Mine,2,0
domain,1,0
nowi,3,0
sorry,28,0
unnecessarily,2,0
hesitation,1,0
frwd,1,0
ABOUTAS,1,0
temple,4,0
Staying,1,0
noisy,0,0
alle,43,14
Gyno,1,0
street,7,0
onwards,2,0
planned,4,0
idiot,1,1
sculpture,1,0
opened,1,0
vehicle,1,0
avent,23,0
WIV,1,0
acted,2,6
throw,8,0
tue,3,0
wthout,1,0
okday,0,0
BeerRs,0,0
ownyouve,0,0
happily,2,0
fetch,6,0
town,19,2
basic,9,0
relatives,2,0
butt,3,0
owe,32,8
display,3,0
Holy,1,0
eaten,2,0
journey,1,0
Bless,1,0
fallen,1,0
harder,1,0
assumed,1,0
DRIVE,0,0
distract,2,0
howard,1,0
avoids,1,0
itwhichturnedinto,2,0
LOL,5,0
hiya,1,0
currently,3,10
horrible,2,0
supportvery,0,0
drove,1,0
reppurcussions,0,0
proove,1,0
Awww,1,0
danger,1,0
Concentrate,1,0
Jerk,0,0
thinghow,0,0
spelled,1,0
ACCEPT,3,0
claypot,1,0
ate,268,98
calldrove,0,0
INDIA,2,1
hav,43,2
Eatin,1,0
OLD,1,0
kidding,1,0
AFTERNOON,0,0
Xavier,1,0
new,65,52
WAIT,1,6
oclock,1,0
smoking,3,0
Exactly,0,0
answers,3,0
unfortunately,0,0
logging,2,0
allah,3,0
FIND,2,2
Italian,3,0
younger,1,0
Psychiatrist,1,0
Blacko,1,0
fried,1,0
eventually,1,0
Others,1,0
perfect,2,1
roomate,1,0
field,2,0
PROBTHAT,1,0
PROBLEM,0,0
engaged,1,0
nursery,0,0
Biola,3,0
kerala,1,0
executive,1,0
called,30,1
Bite,1,0
prefer,4,0
loveJen,1,0
added,4,2
endof,1,0
terrific,2,0
sexy,9,9
praises,1,0
agents,1,0
lol,9,0
mus,26,4
bookedthe,1,0
present,5,10
QatarRakhesh,0,0
bookshelf,1,0
Peripherals,1,0
page,8,1
atyour,0,0
skateboarding,1,0
ertini,1,0
forever,4,0
lotto,1,0
Cps,1,0
CHA,4,21
Woodland,1,0
Sad,5,0
gang,2,0
oath,1,0
btw,2,0
lifetime,1,0
view,5,4
hella,4,0
happend,1,0
checked,6,0
youmy,0,0
hey,1,1
nobbing,1,0
ALEX,2,0
jump,1,0
Ladies,1,0
sth,4,0
Limited,1,0
weasels,0,0
webadres,1,0
tactful,1,0
upcharge,0,0
tosend,1,0
issue,4,2
Belovd,3,0
october,0,0
Slowly,1,0
opportunityall,0,0
sfirst,0,0
CANT,1,0
computers,0,0
jumpers,0,0
direct,8,8
splleing,2,0
appointment,4,0
Jerry,2,0
tables,0,0
gifted,2,0
approve,1,0
Affectionsamp,0,0
SHITJUSTFOUND,0,0
Fair,1,0
Amazing,2,0
readiness,0,0
spys,1,0
Fills,1,0
AGAINcall,0,0
starring,1,0
reltnship,0,0
following,2,5
tap,5,0
EVE,9,6
UNI,2,0
Rajitha,1,0
vomitin,1,0
complaining,1,0
signal,0,0
qbank,1,0
pressure,1,0
wid,15,5
Ball,1,0
KeralaCircle,2,0
covers,1,0
REALLYNEED,1,0
sarcasm,0,0
instantly,2,1
Hmmmstill,0,0
shu,10,0
Compass,1,0
PetrolRs,0,0
Ctargg,0,0
dane,1,0
misstake,0,0
shows,4,31
itmail,0,0
memories,0,0
jelly,1,0
doke,2,0
elaborating,1,0
invention,1,0
Personality,4,0
godnot,0,0
died,2,1
Fuck,8,0
dose,1,0
juicy,3,0
nighters,0,0
rileys,0,0
attributed,1,0
Olol,1,0
syllabus,1,0
unsoldmike,0,0
past,8,0
True,3,0
hme,3,0
nudist,1,0
sounds,5,1
errors,1,0
popcorn,1,0
profit,0,3
Rain,2,0
docs,3,0
loan,5,0
technologies,1,0
cloth,2,0
Exorcism,1,0
unusual,1,0
blocked,1,0
hand,20,1
mylife,0,0
charming,1,0
Cbe,1,0
uve,2,0
digi,1,1
worried,6,0
messenger,2,0
Tonight,0,0
marriageprogram,0,0
dat,45,34
slip,6,0
bus,41,3
weed,7,0
priority,1,0
Senthil,1,0
Isnt,0,0
prepaid,2,0
thinkThis,1,0
infront,2,0
unconvinced,1,0
let,95,5
tantrums,0,0
wicket,0,0
Silent,4,0
closes,1,0
beyond,2,0
Sian,0,0
smell,2,0
bao,1,0
aathiwhere,0,0
sensitive,2,0
SHEFFIELD,0,0
hunonbus,0,0
Pls,58,3
nora,1,0
Including,3,0
search,21,0
greatbye,0,0
systems,0,0
popping,1,0
YEAHAND,0,0
Hopefully,2,0
beneficiary,2,0
authorise,1,0
Big,1,0
WISH,2,0
nelson,1,0
Expression,1,0
pink,1,0
robinson,1,0
lorWe,0,0
prin,15,0
involved,1,0
Enamous,0,0
cards,1,0
masters,2,0
okcome,0,0
sore,1,0
beauties,1,0
color,2,0
kisses,1,0
flies,1,0
Want,6,10
teju,1,0
ILLSPEAK,1,0
chickened,1,0
Wnevr,0,0
youkwhere,0,0
Warm,1,0
Tear,4,0
randomlly,1,0
isnt,5,0
audition,3,0
Thnx,1,0
idconvey,0,0
prescription,1,0
bong,1,0
Wuld,1,0
functions,0,0
sickness,1,0
SirjiI,0,0
wit,47,8
rest,24,0
riddance,1,0
wadebridgeI,0,0
interfued,1,0
attempt,2,21
orchard,9,0
Since,4,0
silver,2,0
HATES,1,0
University,1,0
waiting,28,20
Smile,3,0
lists,1,0
Heehee,1,0
MISSED,1,0
Ache,1,0
Lacsthere,0,0
renting,1,0
mistakes,1,0
Prayrs,0,0
CATCH,1,0
TALKING,1,0
kiss,13,0
woke,10,0
Idea,1,0
Tunji,0,0
studyn,1,0
slurp,0,0
Hui,1,0
whole,14,0
Printer,1,0
ILL,6,1
appendix,1,0
mite,6,3
lanka,0,0
browser,1,0
spares,1,0
India,6,0
may,46,7
LITTLE,1,0
Maybe,11,0
squatting,1,0
agree,2,0
ltTIMEgt,0,0
Whens,1,0
swear,1,0
monthly,2,0
trek,1,0
Yest,2,0
Abeg,0,0
moon,3,0
Allahmeet,0,0
semi,2,0
oficegot,0,0
ticket,9,1
realizes,1,0
Lvblefrnd,3,0
LRG,1,0
Goodmorning,2,0
Com,22,2
cool,11,0
ultimatum,2,0
mush,0,0
givits,0,0
bcum,5,0
Kkcongratulation,0,0
bother,5,0
invest,2,0
Unfortunately,1,0
MUCHXXLOVE,1,0
HeyGreat,0,0
pick,82,4
knowwait,0,0
treadmill,1,0
Express,3,0
stalk,2,0
ebay,2,0
posts,0,1
VIVEKANAND,0,0
Cos,20,25
chex,1,0
sleeps,1,0
comedycant,0,0
oscar,0,0
provider,1,0
Rajnikant,1,0
evening,17,0
particular,2,0
dreading,1,0
Thinking,1,0
SYMPTOMS,1,0
housework,1,0
analysis,1,0
budget,6,0
BABE,7,1
try,63,43
collecting,2,0
Actually,9,0
Teacher,1,0
xmas,2,0
jacket,2,0
maybe,15,2
loosing,1,0
installing,1,0
allows,1,0
club,1,5
walmart,1,0
justify,1,0
Meeting,3,0
cstore,1,0
big,32,3
lays,2,0
TOOL,0,0
torch,5,0
notixiquating,1,0
Aftr,3,0
chess,1,2
RANG,1,1
Armand,1,0
freaky,1,0
coimbatore,0,0
season,3,1
Shit,2,0
hoops,1,0
TROUBLE,0,0
DOESNT,1,0
length,2,0
lst,1,0
clas,25,1
seconds,2,0
still,127,6
flurries,1,0
exposes,0,0
treasure,1,0
diamonds,1,0
smart,3,1
divert,1,0
kwish,0,0
DABOOKS,0,0
important,10,7
Lovely,5,0
Jos,1,0
intro,4,0
movies,6,0
DECIDED,1,0
wanna,22,4
supreme,0,0
hopeful,2,0
nosh,1,0
guesses,1,0
pretend,1,0
Whos,1,0
fight,8,0
Orangei,0,0
sir,6,0
shot,2,1
ros,26,3
SLEEPSWEET,0,0
stillmaybe,0,0
BOYFRIEND,0,0
greatbhaji,0,0
Somebody,2,2
notebook,1,0
chinky,1,0
piece,5,0
sad,11,0
collages,1,0
disasters,1,0
crab,1,0
completely,7,1
lib,8,0
Laugh,5,0
Irritates,2,0
TOWNDONTMATTER,0,0
followin,3,5
ltEMAILgt,0,0
transport,2,0
uncomfortable,0,0
Explain,0,0
chatting,1,0
timings,1,0
Hospitals,1,0
annoyin,1,0
pongal,0,0
coupla,1,0
GONNAMISSU,1,0
hows,9,31
detail,15,7
shoot,4,0
tomarrow,1,0
someonethat,0,0
ovr,2,0
SAID,2,0
baby,12,1
womdarfull,1,0
sleepingand,0,0
AllahRakhesh,0,0
BORING,0,0
Vijay,2,0
usno,0,0
roles,1,0
TAMPA,1,0
spageddies,1,0
lifeyou,0,0
stitch,1,0
opportunitypls,0,0
thriller,1,0
correction,0,0
evng,5,0
tight,2,0
understand,10,0
skye,1,0
cuddling,1,0
GETTIN,1,0
coin,3,0
Jason,1,0
deary,0,0
Forgets,1,0
Dasara,1,0
Water,1,0
Junna,1,0
Speaking,1,0
alibi,0,0
Ssi,0,0
beauty,1,0
forum,3,0
hmm,2,0
Neville,0,0
listener,1,0
tait,1,0
excused,0,0
Vodka,2,0
admit,1,0
apes,1,0
tht,11,0
Mwahs,0,0
mean,58,0
dled,2,0
rechargeRakhesh,0,0
california,1,0
salon,2,0
BLOKES,1,0
ericsson,2,0
buns,3,0
sorta,1,0
rite,17,0
hdd,1,0
establish,1,0
Neway,1,0
placement,3,0
studying,5,0
KEEP,1,2
lab,18,3
pissed,3,0
TXT,2,6
case,9,0
youhow,0,0
dry,6,0
disconnected,1,0
JAZ,1,0
numbers,2,9
eshxxxxxxxxxxx,1,0
INK,6,0
Uni,2,1
ger,28,6
spice,1,0
Kkhow,0,0
LOVE,22,2
Give,5,2
pleasured,1,0
hunnyjust,0,0
UAWAKEFEELLIKW,0,0
Face,1,0
Forever,1,0
pounds,2,17
biatch,0,0
Emily,1,0
tol,55,0
decisions,2,0
Forgot,4,0
rumbling,0,0
sunny,6,0
coping,2,0
kadeem,2,0
wahala,0,0
STARS,1,0
huiming,1,0
nervous,1,0
kalisidare,1,0
tonght,1,0
happened,10,0
Kall,2,0
mint,0,0
arrived,0,0
classes,1,0
swimsuit,1,0
parachute,1,0
mutai,1,0
however,6,1
HUNNY,2,0
challenge,1,1
repair,3,0
cost,7,12
spaces,0,0
professors,2,0
Free,4,42
feathery,1,0
Phone,2,4
women,1,1
lesser,1,0
problembut,0,0
alone,10,3
Height,4,0
Gimme,2,0
andres,1,0
malarky,1,0
dear,41,0
Mmm,8,0
submitting,1,0
slow,13,1
Haiz,0,0
Huh,9,0
Vry,2,0
Keng,0,0
clothes,1,0
law,2,0
vivek,0,0
CONVINCED,1,0
Dirty,1,0
getting,42,4
smash,2,1
SATTHEN,1,0
COMMON,1,0
recognise,3,0
senor,1,0
enough,21,1
Match,1,0
CALLED,1,0
DEFO,1,0
whether,5,0
processed,1,0
necessarily,4,0
hospital,4,0
Working,1,0
GUD,1,0
Ready,1,0
lateso,0,0
Come,15,1
ignorant,0,0
Things,2,0
Dormitory,1,0
forward,12,0
understood,3,0
low,36,18
dhina,2,0
tootsie,1,0
TOCALLSHALL,0,0
force,3,0
WALES,2,0
stays,2,0
relax,1,0
withdraw,1,0
exeter,1,0
MAYBE,1,0
figuring,1,0
suntec,2,0
bandages,1,0
NBME,1,0
wall,3,4
Pilates,1,0
Hicts,0,0
ALETTER,1,0
Might,3,0
Patrick,1,0
Musta,1,0
rounds,1,0
loo,68,15
train,17,1
armands,0,0
Ive,1,0
jules,1,0
Bad,4,1
SOMETHING,2,0
SCARY,1,0
ONE,12,31
simple,3,1
yowifes,0,0
stops,1,0
getsleep,1,0
token,1,0
stones,0,0
BAK,2,0
Appt,1,0
jap,1,0
CREDIT,1,1
SAY,2,0
Kay,0,0
differences,0,0
chillin,2,0
prabha,1,0
ogunrinde,0,0
cheat,2,0
wks,0,1
South,1,0
Independence,1,0
contains,1,0
Bull,0,0
daalways,0,0
itU,0,0
perf,3,1
switch,1,0
bestcongrats,0,0
CHAT,1,17
belovd,1,0
oredi,5,0
hamster,2,0
tiring,1,0
habbahw,0,0
THEWEND,0,0
pie,10,0
Man,16,1
favorite,1,0
answr,0,0
cook,4,0
Greetings,1,0
Perhaps,1,0
mumbai,0,0
treated,1,0
hooked,1,0
african,1,0
slices,1,0
gossip,1,0
seeking,1,0
afternon,0,0
strict,2,0
Reckon,1,0
Stupid,2,0
convenience,0,0
lunchtime,0,0
daily,1,0
Ask,5,0
Dhoni,1,0
Nah,7,0
smear,1,0
grams,2,0
membershiptake,0,0
Moon,1,0
doingWhat,0,0
frosty,1,0
plaid,1,0
Habit,1,0
Hitechnical,0,0
DOIN,2,0
Convey,3,0
english,4,0
changed,6,0
mental,3,0
iam,3,0
staff,1,0
tming,1,0
barely,6,0
puts,1,0
EVONE,1,0
lunsford,1,0
counts,3,0
weddin,3,1
elaborate,1,0
block,2,0
held,1,0
smiled,1,0
cereals,0,0
Jokin,2,0
unfolds,0,0
thin,368,23
borin,2,1
degrees,0,0
credited,3,1
doublefaggot,0,0
POKKIRI,1,0
boo,44,4
telling,12,0
playi,5,0
newspapers,1,0
Spl,4,0
swt,1,0
super,5,2
surya,1,0
meshe,0,0
reason,15,0
Sending,1,0
Mah,1,0
feelingwavering,0,0
dawhere,0,0
Howda,1,0
worrying,1,0
meaningful,1,0
Behind,2,0
coherently,0,0
painhope,0,0
CAKE,1,0
LOVEJEN,1,0
Carry,1,0
specialise,1,0
Arabian,1,0
bec,10,2
earning,1,0
Natural,1,0
footie,1,0
liked,7,0
Mite,1,0
wait,80,39
queen,0,0
Chef,1,0
holy,1,0
dem,3,0
surgical,1,0
Velusamy,1,0
box,7,3
offers,1,10
wind,4,0
normally,2,0
headin,3,0
OVERDOSE,1,0
Babes,1,1
idk,1,0
suggestions,0,0
wrnog,0,0
Rats,0,0
row,70,12
Shakespeare,0,0
hereremember,0,0
graduated,1,0
TRUE,1,0
Next,1,2
shore,2,0
melike,0,0
half,26,5
congrats,1,0
albi,1,0
yoville,1,0
apart,4,0
scraped,1,0
Partys,0,0
SITUATION,0,0
sight,1,0
miss,89,9
billy,1,0
Eckankar,1,0
Cancel,1,0
pants,0,0
swing,12,0
cashed,1,0
Hospital,2,0
Mmmmmm,3,0
God,13,0
IsaiahD,0,0
January,0,2
hopeing,1,0
prolly,3,0
favor,1,0
itjust,0,0
Raining,0,0
herwill,0,0
daplease,0,0
correct,4,3
spirit,1,0
Oru,0,0
morningtake,0,0
labor,2,0
Aft,8,0
gals,3,0
NEFT,2,0
lush,0,0
Gal,1,0
kotees,1,0
booked,9,0
thinks,3,10
shanghai,1,0
hannaford,1,0
nitro,1,0
lesson,17,0
pears,1,0
CONTENTION,1,0
bowl,5,0
sucks,2,0
MARCH,1,0
shared,2,0
exhaust,4,0
limping,1,0
net,16,23
earlierwe,0,0
escalator,0,0
Ssnervous,0,0
earthsofa,0,0
laready,1,0
sen,180,71
move,16,5
ending,15,10
pubcafe,0,0
hell,12,0
build,4,0
footprints,1,0
Aiyo,4,0
pongaldo,0,0
buzy,3,0
depends,2,0
Number,0,0
langport,0,0
nalli,1,0
disastrous,1,0
sign,10,1
todayGood,0,0
workAnd,1,0
Parents,5,0
cares,3,0
ull,35,1
dignity,3,0
witin,1,0
flavour,1,0
Ranju,0,0
fly,1,1
port,36,15
cliff,2,0
CAME,0,3
puppy,1,0
decking,0,0
exwife,0,0
caring,2,0
Draw,1,1
lodging,1,0
bakra,1,0
SNORINGTHEY,0,0
finding,1,0
gona,3,0
demand,2,0
ryans,0,0
Nationwide,1,0
seh,2,0
onit,2,0
Smiling,1,0
chinchillas,1,0
Shopping,2,4
oblisingately,1,0
goods,0,0
halla,1,0
None,1,0
dependents,1,0
station,3,1
wish,44,0
equally,1,0
priceso,0,0
walked,3,0
arng,3,0
transferacc,0,0
wisheds,0,0
donewant,0,0
STUDENTFINANCIAL,1,0
vry,7,0
voted,1,0
txt,9,77
itc,5,2
GMGNGEGNT,0,0
CLoSE,1,0
burnt,1,0
forwarding,1,0
anyhow,1,0
interview,3,0
meok,0,0
gym,8,0
Dvd,1,0
couple,12,1
adventuring,1,0
nino,1,0
glasgow,0,0
guitar,1,0
Either,1,0
hunny,0,0
outreach,0,0
Redim,0,0
curfew,0,0
administrator,1,0
usf,7,0
atlast,1,0
disturbancemight,0,0
SOFA,1,0
city,5,0
alive,0,0
stuffwhy,0,0
compofstuff,0,0
wishes,8,0
dats,1,0
dumb,1,0
Plz,6,0
laughing,2,0
lido,1,0
sweetie,2,0
shud,1,0
CONTRACT,0,0
pouts,0,0
adoring,1,0
sem,9,0
violated,1,0
bare,7,0
Shifad,1,0
SLAP,2,0
bpo,0,0
immunisation,1,0
YET,1,0
garage,2,0
stuffleaving,0,0
confirmed,1,0
juan,1,0
latr,5,0
Mallika,1,0
yijue,2,0
eldest,1,0
property,2,0
ITBOTH,0,0
feelin,16,2
building,2,0
detailsi,0,0
pretsorginta,0,0
maili,0,0
guess,24,1
sooner,2,0
slippery,1,0
cuddle,3,0
attention,1,0
joining,2,0
GOODNIGHT,2,0
MINE,2,0
references,0,0
scrappy,0,0
Prakesh,1,0
Coffee,2,0
objection,0,0
beendropping,1,0
nvm,1,0
messages,6,6
cloud,1,0
panicks,1,0
Sure,3,0
prior,2,0
bird,3,1
kilos,1,0
reserved,1,0
pray,9,0
frauds,0,0
fall,8,1
intentions,1,0
Darren,3,0
lipo,0,0
position,1,0
despite,2,0
response,2,1
easter,0,0
WANNA,4,0
desparately,1,0
count,24,32
cheetos,1,0
shorts,0,0
frndshp,1,0
RememberI,1,0
beg,7,1
dodda,1,0
eighth,1,0
friendship,8,0
Neva,4,0
conditions,0,2
Kind,4,0
broad,2,1
Thursday,2,0
drpd,2,0
asks,5,0
illness,2,0
tiempo,1,0
Wake,5,0
wifedont,0,0
aunties,1,0
FRNDSHIP,0,0
Leaving,1,0
Painful,1,0
Pinku,0,0
impress,2,0
yah,12,0
reffering,1,0
mineall,0,0
deposited,1,0
Hogolo,1,0
suffers,1,0
Yaxx,2,0
failing,1,0
satanic,1,0
Hostbased,0,0
eerulli,1,0
Welp,1,0
chuckin,1,0
drunken,2,0
PERSON,0,0
Need,6,3
complaint,2,0
tightly,0,0
Lol,49,0
missionary,1,0
Follow,1,0
FRIEND,9,0
bhayandar,1,0
concentrating,1,0
uses,7,0
YOR,2,0
company,10,0
tok,4,0
Always,7,0
GORGEOUS,0,0
library,7,0
searching,5,0
islands,0,0
VALUED,0,0
physics,1,0
fantastic,3,3
cooperative,1,0
Nohe,0,0
warming,1,0
atm,1,0
offcampus,1,0
Amrca,1,0
darlings,1,0
youve,0,0
Ultimately,1,0
blessed,2,0
trends,1,0
Hear,7,0
rajini,1,0
gooD,1,0
owo,1,0
luvd,0,0
significant,1,0
convincingjust,0,0
pound,5,19
flippin,1,0
organise,1,0
darker,1,0
sharing,1,0
listen,13,1
bishan,2,0
shouldnt,0,0
sell,13,1
OceanD,0,0
Minnaminunginte,3,0
deus,2,0
UPNOT,0,0
paragraphs,0,0
include,2,0
Raj,3,0
worldmay,0,0
Noble,0,0
maga,1,0
moving,2,0
ithink,1,0
Love,39,0
ruin,4,0
last,58,5
SHITIN,1,0
hustle,1,0
srsly,1,0
envy,1,0
bbs,2,0
NVQ,0,0
Wifehow,0,0
Met,3,0
billion,2,0
torrents,1,0
monday,4,0
earth,4,0
thati,0,0
therere,0,0
twelve,0,0
monster,0,0
Friendship,4,0
suddenly,1,0
brilliant,1,0
bathe,8,0
heron,1,0
OREOS,1,0
dads,0,0
youd,1,0
Okey,3,0
argument,3,0
antibiotic,1,0
impossible,2,0
receiving,2,2
except,5,0
Fuuuuck,1,0
patty,1,0
Tuesday,3,0
earliest,1,0
leg,15,1
Keepintouch,0,0
shes,13,0
vibrant,1,0
Plus,9,1
tirunelvai,1,0
onlybettr,0,0
frndship,2,0
HEY,9,0
raining,9,0
whr,3,0
sane,0,0
gymnastics,1,0
sayin,20,0
privacy,1,0
info,9,12
mondaynxt,0,0
erything,24,0
homeleft,0,0
Career,0,0
SPK,2,0
chords,1,0
roadsRVx,0,0
curry,2,0
doinghow,0,0
abi,12,0
knw,13,0
coast,1,0
Avenge,1,0
tiime,1,0
ears,16,7
Single,2,1
meso,0,0
rules,1,0
nothin,14,2
reckon,1,0
exams,3,0
frndsship,1,0
Would,5,3
twat,1,0
custom,6,32
GOODNITE,1,0
aunty,1,0
playng,1,0
Wasted,0,0
filling,1,0
Tease,2,0
Dizzamn,0,0
sisters,1,0
opted,1,0
adress,0,0
kisi,1,0
Nutter,0,0
latebut,0,0
Fifty,0,0
audiitions,1,0
song,10,3
eat,165,11
thanx,2,0
Gud,45,0
cal,272,185
toothpaste,1,0
math,1,0
feng,2,0
outdoors,0,0
holiday,8,10
thenwill,0,0
banter,1,0
amongst,2,0
cough,2,0
tells,3,2
HON,2,14
jet,2,0
dedicate,2,0
SentDate,0,0
lineyou,0,0
Cud,1,0
server,1,0
heal,1,0
hourish,0,0
runninglets,0,0
pesky,1,0
never,43,1
witout,1,0
Guys,1,0
fill,12,0
marking,1,0
twenty,2,0
Maangalyam,0,0
courtroom,1,0
undrstndng,1,0
INCONVENIENCE,1,0
SPORTSx,1,0
blow,3,2
fortune,1,0
built,1,0
blokes,0,0
chest,2,0
Mathews,1,0
DARLIN,6,0
lanre,1,0
sayy,1,0
Iraq,1,0
Accounts,2,0
eye,6,2
beehoon,0,0
reservations,0,0
stereo,1,0
DETAILS,1,0
killing,2,0
finewhen,0,0
prices,1,0
randomly,1,2
ammaelife,0,0
tomorrowcall,0,0
nigro,1,0
calm,1,0
GAIL,2,0
qing,1,0
Really,7,0
surf,5,0
thesis,1,0
xxxxxxxx,3,0
sometimeRakheshvisitor,0,0
redred,0,0
created,4,1
rude,1,3
sweater,1,0
correctly,0,0
Forevr,0,0
MINUTES,2,0
notes,1,0
Guessin,1,0
exposed,1,0
lift,7,0
licks,2,0
Penny,1,0
testing,2,0
icicibankcom,0,0
gastroenteritis,0,0
TIME,8,0
Blueu,0,0
thru,7,0
keys,4,0
tallent,1,0
Went,4,0
knowhe,0,0
weather,5,0
waitin,32,20
easiest,1,0
Detroit,0,1
prepared,1,0
disc,11,11
waking,5,0
addressull,0,0
Beautiful,6,0
thus,1,0
ramen,1,0
mid,12,2
Yummmm,1,0
heat,11,0
pump,1,0
Kthen,0,0
rakhesh,1,0
BIT,3,0
upset,1,0
Lion,1,2
GREAT,1,1
known,3,0
transfred,1,0
code,1,16
Sugar,1,0
MoralDont,0,0
fave,3,0
DearMe,0,0
styling,1,0
TRUBLE,1,0
petrol,1,0
naal,1,0
Election,1,0
fastpls,0,0
barring,1,0
differbe,0,0
sticky,1,1
DADS,1,0
transaction,0,0
necessity,1,0
takes,12,4
remembered,2,0
tai,36,7
Jealous,0,0
sensesrespect,0,0
bevieswaz,0,0
furniture,2,0
beeen,1,0
internet,5,0
Gopalettan,0,0
witot,1,0
Brother,4,0
hols,3,0
meneed,0,0
tops,2,0
spark,0,1
ben,8,0
CHILLIN,1,0
green,3,0
permissions,1,0
often,2,0
Shes,0,0
texts,6,15
selflessness,0,0
REALLY,5,0
Cttargg,0,0
himso,1,0
Whenevr,1,0
Crack,3,0
pub,16,0
FEEL,4,0
stylish,0,0
dogwood,1,0
aathilove,0,0
BANK,1,0
measure,2,0
destiny,1,0
breath,4,1
doubt,2,0
either,11,10
moji,1,0
callcoz,0,0
timeYour,0,0
angry,12,0
telphone,0,0
yest,11,0
rply,5,5
promoting,1,0
xam,13,0
Lancaster,0,0
files,4,0
safely,1,0
HUNNYWOT,0,0
study,13,0
desert,1,0
Telephonic,1,0
Fat,0,0
Bring,3,0
smsd,0,0
wrongly,1,0
interviews,0,0
efficient,0,0
BSLVYL,13,0
throat,3,0
weve,7,1
ofice,1,0
gloucesterroad,1,0
HONI,1,3
pocked,1,0
joys,1,0
emerging,1,0
fishrman,1,0
Sez,0,0
hire,1,0
waht,2,0
standing,6,0
admiti,0,0
actin,4,0
wheres,0,0
parade,1,0
asshole,0,0
famamus,0,0
espell,0,0
remet,0,0
ladies,1,1
GONNA,2,0
Unlimited,1,0
king,204,13
tues,2,0
breather,0,0
VIOLENCE,1,0
vth,1,0
dual,2,0
Jstfrnd,3,0
dorm,1,0
differ,7,0
units,1,0
revealing,1,0
leh,5,0
hos,11,2
senrddnot,0,0
xxxxxxx,4,0
format,3,6
Canada,0,0
WID,1,0
must,19,3
oursso,0,0
Uhhhhrmm,1,0
rsi,6,0
apologise,1,0
prone,1,0
SEEMED,1,0
meowD,0,0
meant,13,0
gay,1,4
welli,0,0
keep,56,3
EACHOTHER,0,0
pan,21,3
welp,1,0
PETEXXX,0,0
YWHERE,0,0
crazy,6,2
til,185,9
Premaricakindly,0,0
availablethey,0,0
Building,1,0
MECAUSE,1,0
TEL,10,0
lasagna,1,0
managed,1,0
meetin,35,1
turn,27,0
cold,4,0
catch,11,0
center,2,2
Correct,0,1
cancer,1,0
lotwill,0,0
gei,0,0
realising,1,0
goodmate,1,0
realise,2,0
Hahahause,0,0
yck,1,0
extra,5,6
epi,17,0
projects,0,0
Fredericksburg,1,0
ppl,15,19
laid,2,3
dirty,1,0
got,236,9
silence,1,0
confuses,2,0
arnt,1,0
HEART,4,1
ASLEEP,0,0
theplace,0,0
brief,1,0
sub,7,31
pattern,2,0
life,36,4
lose,32,3
adore,3,0
Mmmmmmm,1,0
Mark,5,0
tahan,2,0
tensed,1,0
snuggles,0,0
cleared,2,0
sunoco,1,0
fired,0,0
viveki,0,0
drive,16,0
appt,2,0
Save,1,2
srt,1,0
sorted,2,0
driving,19,1
Dint,1,0
unspoken,1,0
Genius,1,0
choices,1,0
items,1,1
roast,2,0
love,125,8
CAT,2,0
terrible,2,0
phne,0,0
sometimes,3,0
cheesy,1,0
lie,36,5
availablei,0,0
art,128,28
READ,1,0
conference,1,0
Hands,1,0
walk,26,1
everyso,1,0
pool,2,3
iccha,1,0
threw,2,0
safe,10,0
Valuable,0,0
jeevithathile,0,0
Lifpartnr,3,0
year,30,9
Gokila,1,0
doinnearly,0,0
Yesim,0,0
tomorrow,47,6
cat,28,7
monkey,3,0
havin,1,1
Hallaq,2,0
ANTELOPE,1,0
entertain,2,0
PROPERLY,1,0
hopes,1,0
WONT,1,0
closedincluding,0,0
hearing,1,0
TaDaaaaa,0,0
ham,14,2
grandfather,1,0
Callertune,5,0
yan,9,0
ROOM,1,0
road,9,1
drizzling,1,0
MojiBiola,2,0
decided,15,0
Service,2,6
NEW,6,12
prediction,0,0
upstairs,1,0
laugh,7,0
kickboxing,1,0
spring,2,0
alex,3,0
bad,24,1
referin,1,0
thepub,1,0
determine,1,0
MARRIED,1,0
slap,1,0
dental,5,0
navigate,1,0
atten,8,0
overa,2,0
Driver,1,0
sayask,0,0
gobi,1,0
nigeria,3,0
Science,1,0
crammed,1,0
pics,4,8
lying,2,6
joker,0,0
YEARS,1,0
investigate,1,0
soup,1,0
Youll,0,0
program,1,0
diskyou,0,0
practice,2,0
bend,1,0
rofl,1,0
painful,2,0
oru,4,0
teeth,2,0
ipads,1,0
goggles,1,0
Mum,4,0
tookplace,1,0
grand,6,0
CAL,12,21
strewn,1,0
tonite,2,0
heartheart,0,0
predict,3,0
Piggy,0,0
maaaan,1,0
express,1,0
Kkim,0,0
SPINOUT,0,0
like,209,13
abj,2,0
reslove,0,0
Otherwise,5,0
also,42,2
mind,35,1
BEST,1,0
havnt,0,0
bestrply,0,0
fair,4,0
shining,2,0
TOMORROW,2,1
KISS,1,0
lamp,0,0
paces,0,0
zoom,1,0
taylors,0,0
football,2,0
dirt,1,1
yes,24,0
URE,4,0
Orchard,1,0
colourful,1,0
thia,1,0
wishing,4,0
jurong,1,0
shrek,1,0
Enna,1,0
Jenxxx,0,0
kanoil,0,0
points,4,0
Response,1,0
Ahhhhjust,0,0
Tata,1,0
purse,2,0
aretaking,1,0
belligerent,1,0
odi,1,0
woman,2,1
reacting,1,0
vaazhthukkal,0,0
CNN,2,0
Rightio,0,0
Motherinlaw,0,0
bin,16,0
jesus,0,0
NRI,1,0
toDo,1,0
swimming,1,0
pple,5,0
innocent,1,0
recently,4,2
esaplanade,1,0
Yeh,0,0
Wats,2,0
packing,1,0
Sunscreen,1,0
nanny,1,0
FRIENDSHIP,2,0
cooked,1,0
taking,18,1
kkwhere,0,0
CALM,1,0
saturday,6,1
shun,1,0
lyfu,1,0
Wheres,0,0
brum,0,0
spoilt,1,0
winning,0,0
stay,30,3
Harishs,0,0
Another,3,0
MALL,1,0
enjoying,1,0
FOUNDURSELF,1,0
millers,1,0
portege,1,0
statement,1,0
Serena,0,0
oneta,0,0
calis,0,0
paining,1,0
lifeis,1,0
Use,2,2
difficulties,1,0
Awesome,1,0
drugs,9,0
minutes,20,5
creepy,2,0
First,7,0
corect,1,0
fated,1,0
madthen,0,0
promises,2,0
der,89,25
ovulatewhen,0,0
players,7,0
bein,3,0
temales,1,0
might,31,0
brother,10,0
Text,4,39
Ride,1,0
alrite,0,0
belt,0,0
middle,3,0
aft,28,1
Talk,4,1
Still,15,0
FUCK,5,0
Charles,1,0
dayexcept,0,0
paragon,0,0
watll,0,0
teach,9,0
consent,1,0
Baby,3,1
fathima,2,0
FUCKIN,4,0
restrict,1,0
guessed,1,0
HAV,5,0
doesnt,8,0
Know,1,0
popped,3,0
Dolls,1,0
lyk,1,0
autocorrect,1,0
lect,26,56
towards,7,0
potato,1,0
genus,1,0
need,147,6
COME,4,0
Regards,0,0
knocking,1,0
sorrow,0,0
othrs,0,0
Making,2,0
settle,6,0
caught,2,0
BLOODSend,0,0
rent,36,22
exterminator,1,0
Help,1,2
death,3,0
everywhere,1,0
souveniers,1,0
exchanged,1,0
respectful,1,0
occupy,2,0
cozy,0,0
Hyde,1,0
Head,2,1
children,3,0
battery,7,0
replied,4,1
CARE,4,0
shoulders,1,0
PPL,1,0
please,36,21
vidnot,0,0
draw,5,33
control,2,0
dessert,0,0
Petey,1,0
Prashanthettans,0,0
agency,1,0
phd,0,0
bugis,4,0
mys,1,0
northampton,2,0
resolved,0,0
scouse,1,0
evn,7,0
operate,1,0
Heroi,0,0
loved,11,0
Goodnoon,0,0
week,54,62
listed,1,0
jan,6,0
sms,12,3
loneliness,1,0
missin,14,1
posible,1,0
asapok,0,0
exam,11,0
HUNNYHOPE,0,0
moneyi,0,0
day,245,64
GOT,7,1
importantly,0,0
rip,18,12
Woohoo,0,0
GOTTA,1,0
assume,5,0
SUNDAY,1,0
fowler,1,0
cartoon,2,0
AGESRING,0,0
tamilnaduthen,0,0
marrgeremembr,0,0
anytime,1,12
till,161,9
GET,3,5
reassurance,0,0
Jeremiah,0,0
nearby,1,0
MYCALLSU,0,0
doinat,1,0
LET,5,2
replyBe,0,0
show,38,32
ignore,4,1
inst,11,3
Nojst,0,0
phones,1,15
status,2,0
impressed,0,0
hearin,2,0
Yeesh,1,0
HIT,3,1
thanksgiving,2,0
fridayhope,0,0
thanks,21,1
textin,4,1
spouse,1,0
dahow,0,0
Psychologist,1,0
FIFTEEN,1,0
throwin,2,0
linux,1,0
remain,7,0
Cine,1,0
meAre,0,0
Biro,1,0
parents,5,0
melt,2,0
splash,1,0
offense,1,0
Shah,1,0
permission,1,0
fluids,1,0
bitch,3,0
sat,30,4
themes,0,0
jason,2,0
renewal,0,1
virtual,1,0
associate,0,0
calculated,1,0
goa,1,2
Unni,1,0
fix,12,4
regards,5,0
dialogue,1,0
Todaysundaysunday,0,0
Miserable,0,0
needs,11,1
salary,2,0
pole,1,0
tooPray,0,0
GONEU,0,0
anyplaces,1,0
head,32,0
extract,1,0
realized,3,0
Athletic,1,0
MORAL,0,0
specs,0,0
recharged,1,0
guoyang,1,0
constant,5,0
somebody,7,0
combine,2,0
stuffed,1,0
Aiyar,4,0
raed,2,0
rec,46,62
edhae,0,0
toot,4,9
continue,2,1
Brdget,1,0
DONE,3,0
howre,0,0
Whatever,0,0
lmao,1,0
compulsory,1,0
self,12,2
panren,1,0
sts,6,6
ruining,2,0
howve,0,0
gets,14,2
Tiwary,1,0
add,33,6
ipad,1,0
easily,2,0
goodnight,1,0
customer,4,32
Okok,0,0
Dis,5,2
Bishan,1,0
penis,1,0
revision,1,0
herethanksi,0,0
exhausted,2,0
Surely,1,0
faglord,1,0
PRESCHOOLCOORDINATOR,0,0
Lul,1,0
woot,1,0
restaurant,1,0
LOTS,3,0
evaluation,1,0
cared,5,0
Test,1,0
decision,3,0
Read,10,0
beads,1,0
dearly,1,0
SENT,0,0
EXAMS,1,0
tyler,4,0
wear,9,0
youPhone,1,0
name,22,10
unmits,1,0
member,35,8
punto,0,0
run,41,1
carlos,8,0
Double,2,12
Soon,1,0
timi,6,0
solve,2,0
tylers,0,0
summer,1,2
pockets,0,0
loverakhesh,0,0
Bank,1,0
hesitant,1,0
Lindsay,1,0
abt,22,0
stool,0,0
pre,62,25
SENDS,1,0
Joke,1,0
hit,45,2
BABY,2,0
Laughed,3,0
someday,1,0
madoke,1,0
liaoSo,0,0
wounds,1,0
gayD,0,0
hanks,48,14
image,2,0
Darling,1,0
gray,0,0
sick,8,0
slowing,1,0
sophas,1,0
responsibility,0,0
POWER,0,0
Yellow,1,0
choice,2,2
dusk,1,0
leo,6,0
swoop,1,0
SEX,1,3
package,1,1
MISTAKEU,0,0
NYs,0,0
facts,1,0
Lies,1,0
oreo,2,0
soil,0,0
Chachi,1,0
character,5,0
clean,9,0
complain,4,0
Thanku,1,0
Joanna,2,0
Ahhh,0,0
nìte,0,0
texting,4,1
yelling,1,0
Flung,1,0
leonas,0,0
pretty,14,0
consider,6,0
Jane,1,0
derek,4,0
underwear,1,0
babyjontet,0,0
mentionedtomorrow,0,0
captaining,1,0
shortly,1,1
youthats,0,0
BUS,2,0
practising,1,0
alexs,0,0
comedy,3,0
bored,12,1
nuther,1,0
Yupz,0,0
FUCKING,2,0
Food,1,0
WITHOUT,1,0
uworld,1,0
defeat,2,0
Usmle,0,0
mising,1,0
THATMUM,1,0
western,1,0
Yummy,1,0
GMGNGEGN,0,0
GOODMORNING,4,0
fan,7,12
worth,5,12
lounge,1,1
Reaction,1,0
goodenvironment,0,0
birthdate,2,0
ArPraveesh,0,0
bids,1,0
tonight,27,2
crashed,1,0
sneham,0,0
Cancer,1,0
problemi,0,0
tmw,0,0
NICE,11,0
cry,2,0
fishhead,1,0
nobody,5,0
bridgwater,1,0
temper,1,0
MELNITE,1,0
swiss,1,0
ingredients,0,0
every,65,33
shakara,1,0
dun,57,0
roommates,3,0
maturity,2,0
agidhane,0,0
cine,8,3
alls,16,8
ShanilRakhesh,0,0
Colleagues,5,0
med,30,13
strongly,1,0
Simply,1,2
midnight,2,0
party,10,0
Cute,4,0
askin,15,0
NumberRespectful,0,0
chain,2,0
yuo,3,0
Organizer,1,0
strike,2,0
wifes,0,0
finishes,3,0
anot,30,2
Keep,6,1
possibility,1,0
advance,1,0
topicsorry,0,0
crashing,1,0
flip,3,0
IVE,8,13
wats,4,0
Map,1,0
alrightOkay,0,0
Shampain,2,0
starving,0,0
talents,0,0
cappuccino,1,0
DEAD,1,0
handing,1,0
Okie,10,0
submitted,1,0
lovly,0,0
shrub,1,0
Anyway,10,0
Get,12,32
glass,1,0
asap,1,0
studentsthis,0,0
rewarding,2,0
reLation,1,0
showed,1,0
Jenny,1,0
Kkgoodstudy,0,0
Leave,3,0
watever,2,0
gave,10,0
Home,2,4
buy,56,0
Part,2,0
CONCERNED,1,0
pookie,1,0
incomm,1,0
minuts,5,0
Brb,1,0
James,0,1
handle,4,0
walks,1,0
XXX,7,7
good,110,4
hockey,1,0
Gudnite,1,0
urgentbut,0,0
minute,32,5
fell,3,0
arestaurant,1,0
thirunelvali,1,0
ones,10,38
burger,1,0
dosomething,1,0
wahay,0,0
avoiding,2,0
Raviyog,1,0
record,3,4
plus,7,5
spoiled,0,0
hrs,3,1
askd,11,0
outsider,1,0
DOWNON,1,0
posted,6,0
din,125,15
King,2,1
saves,1,0
yalrigu,1,0
seing,1,0
kindly,1,0
Ranjith,3,0
SHUDVETOLD,1,0
cheap,6,2
Healer,1,0
HAVEBEEN,1,0
ILEAVE,1,0
fujitsu,1,0
reduce,0,0
shut,3,0
hurricanes,1,0
apologize,0,0
changing,1,0
make,97,11
phews,0,0
clarify,1,0
DAY,15,4
hanging,4,0
accent,1,0
Congratulations,1,12
officer,1,0
landline,2,7
mails,1,0
cave,1,0
bloody,3,0
Okay,7,0
snowman,2,0
chapter,1,0
Geeee,7,0
signin,2,0
SAM,1,2
hugh,1,0
wants,20,1
bathing,3,0
LIKINGBE,0,0
dippeditinaDEW,0,0
Buzz,1,0
Wil,2,0
IMF,1,0
regarding,3,0
Kyou,0,0
Ooooooh,1,0
magazine,0,0
LOVEME,2,0
dahe,0,0
loxahatchee,2,0
ksry,0,0
xuhui,1,0
Plsi,0,0
jot,1,0
second,16,0
hugging,1,0
Thx,0,0
refund,1,0
gal,12,0
john,4,0
kalainar,1,0
CALLIN,1,0
warwick,0,0
check,42,0
room,39,2
class,25,1
priest,1,0
meI,0,0
requests,1,0
LIFE,2,1
felt,13,0
clocks,1,0
animal,0,0
IKNOW,1,0
kanji,1,0
trauma,1,0
supose,1,0
amp,25,3
hat,80,29
perfume,0,0
mofo,0,0
Itz,2,0
Yavnt,1,0
mates,6,5
wined,1,0
Pick,2,0
brighten,1,0
sure,66,0
dobby,1,0
wkg,2,0
implications,0,0
transcribing,0,0
coz,23,2
wen,58,0
Checkmate,0,0
FAR,2,0
Nokia,1,43
betta,1,0
sef,3,0
dangerous,1,0
satisfied,3,0
suffer,2,0
EXETER,1,0
bag,7,0
tech,6,0
vasai,1,0
dream,11,1
HELLO,2,0
blastin,0,0
mesages,2,0
daddy,3,0
proof,3,0
parked,3,0
theregoodnight,0,0
regret,2,0
inde,5,1
dehydration,1,0
dao,1,0
Webpage,1,0
ratio,8,0
scratching,1,0
Bennys,1,0
Alwys,2,0
bold,5,0
Audrey,1,0
loves,3,0
Weve,0,0
rumour,2,0
republic,1,0
occurs,1,0
treat,13,0
Yesfrom,0,0
booty,2,1
Spoons,1,0
Sicomo,0,0
repeat,2,0
arab,1,0
bcoz,4,0
Kkwhat,0,0
rejected,1,0
schedule,2,0
inshah,1,0
Waiting,6,0
philosophical,1,0
Discussed,1,0
changes,2,0
lacking,1,0
WHASSUP,0,0
IMAT,1,0
frnd,22,0
THINK,2,0
astne,1,0
bathroom,0,0
Sim,5,3
various,2,1
thinkin,25,0
uup,1,0
envelope,0,2
invite,9,5
reply,16,60
shitload,2,0
SATJUST,0,0
quick,10,0
phone,65,40
definite,8,1
caveboy,1,0
reminder,1,0
uscedu,0,0
Doctor,1,0
tirupur,1,0
Found,4,0
julianaland,0,0
ethnicity,1,0
hold,22,1
percent,1,0
cld,2,0
shop,28,5
wins,4,0
due,4,1
bills,2,0
shoreThe,0,0
nigpun,0,0
sink,1,0
setting,3,0
travelling,1,0
campus,4,0
dare,4,0
SOONLOTS,1,0
require,3,0
Thing,3,0
hits,2,0
shaking,1,0
bought,4,0
games,0,4
Mode,1,0
holidayso,0,0
flea,1,0
Hee,2,0
dying,7,0
gotten,4,0
coat,1,0
FINE,1,0
dooms,0,0
pleasant,1,0
chikkuDB,0,0
breaking,1,0
shocking,2,0
saidif,0,0
appropriate,1,0
ENUFCREDEIT,1,0
meal,3,1
kallis,4,0
fedex,1,0
smacks,0,0
texted,2,0
Reflection,1,0
Beerage,0,0
dearer,3,0
wihtuot,2,0
hot,21,14
Nights,0,0
emergency,1,0
Maat,0,0
tohar,1,0
Kdo,0,0
tomorrowtoday,0,0
Kicchu,1,0
christmas,4,1
Thinkin,2,0
funs,1,0
comes,14,3
drops,1,0
Wif,6,0
ela,11,0
valentine,4,0
attending,1,0
sittin,8,0
mouth,1,0
Gibbs,1,0
dreamlove,0,0
poop,0,0
thou,78,2
device,1,0
dead,3,0
MOMENT,1,0
afterwards,0,0
late,141,28
ralphs,1,0
guessing,2,0
healthy,0,0
suckers,0,0
arises,1,0
dnt,42,0
Quite,4,0
voice,2,0
Shoranur,1,0
wiproyou,0,0
ned,43,4
enketa,1,0
foreign,3,0
careless,0,0
secrets,0,0
watts,0,0
Sonetimes,1,0
werent,0,0
poo,15,5
meDont,0,0
NIC,13,4
lines,3,2
HAVENT,2,0
braved,1,0
prevent,1,0
Morning,10,0
million,1,0
kochi,0,0
Tmrw,0,0
Nvm,2,0
Later,6,0
steering,0,0
NEEDS,1,0
kim,0,0
GOIN,5,3
Yeshe,0,0
nmde,1,0
Ilol,1,0
Wondering,1,0
camp,5,0
hop,99,13
picture,5,1
cancel,3,4
becz,1,0
Apart,1,0
key,15,2
Prem,0,0
fassyole,0,0
vomit,4,0
Jada,4,0
gentle,5,0
Salad,1,0
wud,2,0
river,4,0
Nothin,12,0
YOUCLEAN,0,0
galsU,0,0
jackson,1,0
ennal,1,0
cardin,1,0
BOOKS,0,0
husband,2,0
tel,144,27
WHORE,1,0
miserable,1,0
surrender,1,0
Loving,3,0
boy,33,0
bsn,2,0
southern,1,0
Bone,1,0
loose,2,0
ninish,0,0
Nigh,9,0
fees,3,0
parts,0,0
nos,4,2
teasing,3,0
Thanx,12,0
Aeronautics,2,0
dice,0,0
seriously,4,0
jus,23,0
fuelled,1,0
Platt,1,0
trusting,1,0
LIKE,4,0
joke,1,0
great,68,5
HOPE,6,0
cramps,2,0
beer,2,0
inches,3,0
hook,5,0
pendent,2,0
grandma,1,0
murdered,4,0
Smith,1,0
Honeybee,3,0
Nan,2,0
anti,9,1
workLove,0,0
Become,2,0
Soup,1,0
previews,0,0
website,1,0
UNBELIEVABLE,0,0
plaza,2,0
cudnt,1,0
aust,5,0
Yesbut,0,0
fuck,32,0
FOREVER,0,0
AUGUST,0,0
Jia,2,0
carryin,1,0
sept,1,0
remind,8,0
prince,4,0
WKEND,1,0
PLEASE,3,0
repent,1,0
Many,5,0
devouring,0,0
DATE,1,3
centre,4,0
Rose,4,0
shock,3,0
colours,1,0
asda,1,2
vegetables,0,0
actor,2,0
afghanistan,0,0
mushy,0,0
gut,1,0
faster,3,1
youcarlos,0,0
come,211,9
slowly,5,0
Atleast,1,0
Chasing,1,0
Nottingham,1,0
Dont,34,5
RTO,1,0
NUMBERSO,0,0
Whenwhere,0,0
REPORT,1,0
meet,98,6
sutra,1,0
lotta,2,0
woulda,2,0
Props,0,0
nauseous,0,0
Indian,5,0
asia,0,0
news,8,6
intend,1,0
country,0,4
documents,1,0
reached,9,0
cock,2,0
ACTUALLY,1,0
near,9,1
anythin,52,0
lead,4,2
hut,4,0
relieved,1,0
lousy,2,0
Yeshere,0,0
springs,1,0
Night,8,0
Dileepthank,0,0
THO,1,0
factory,1,0
auction,0,3
HOPEU,1,0
hubby,1,0
omw,5,0
salespee,0,0
toopray,0,0
Didnt,0,0
edukkukayee,1,0
WORLD,4,0
pay,33,2
sing,57,9
even,62,6
murali,1,0
college,9,0
lined,1,0
cardiff,1,0
three,4,0
WELLDA,1,0
Loveable,0,0
working,23,0
dinnermsg,0,0
nowcan,0,0
old,101,7
FEELINGOOD,1,0
opinions,1,0
weaknesses,1,0
honey,4,0
see,144,11
Cheer,4,0
Shiny,0,0
Aww,3,0
process,2,0
earlier,8,0
thatll,0,0
Boo,6,2
Busy,3,0
meaningless,1,0
Gods,2,0
Fools,1,0
aroundn,1,0
surprised,3,0
hppnss,0,0
raiden,1,0
gives,5,0
Sno,0,0
courage,2,0
WTF,0,0
Treat,1,0
NETHING,1,0
rooms,4,1
showroomscity,0,0
text,69,81
carewhoever,0,0
Loosu,1,0
money,36,2
dajst,0,0
fingers,3,0
dull,1,0
hmmm,2,0
Tee,2,0
yellow,1,0
tomeandsaidTHIS,0,0
jolly,1,0
obviously,3,0
Moment,1,0
deserve,0,0
Okors,0,0
ASAP,2,0
Ptbo,3,0
infernal,4,0
aging,1,2
cocksuckers,0,0
kappa,2,0
pimpleseven,0,0
snowboarding,1,0
research,2,0
WELL,5,2
blessget,0,0
help,26,4
Xuhui,2,0
MAKE,1,0
Dips,0,0
inconvenient,1,0
HOME,3,0
wellyou,0,0
gaps,4,0
comment,1,0
muchand,1,0
Shesil,0,0
crowd,1,0
DOESDISCOUNTSHITINNIT,0,0
Deal,0,0
ireneere,0,0
plm,2,0
shirts,2,0
Tel,27,5
energy,1,0
Reason,1,0
sporadically,1,0
familymay,0,0
lately,3,0
done,22,2
Price,1,5
FriendshipMotherFatherTeachersChildrens,0,0
TaKe,1,0
rocking,1,0
Let,20,0
period,2,0
okvarunnathu,0,0
DEL,1,1
dick,1,0
silly,1,0
honesty,1,0
Evrey,2,0
payment,2,0
tree,11,2
mayb,25,2
adult,2,3
WatrDayNo,0,0
none,2,1
obedient,0,0
mahal,1,0
begins,1,0
number,41,34
Watching,12,0
talent,0,0
plumbers,1,0
Celebrated,1,0
live,19,40
shelf,1,0
ardÉ,0,0
iphone,1,0
around,48,2
familiar,1,0
mattermsg,0,0
TimeGud,0,0
troubleshooting,0,0
DIDNT,1,0
Quick,1,0
Waaaat,0,0
sleepin,8,0
Nite,1,0
unconditionally,1,0
window,2,0
yet,20,1
round,55,3
pei,2,0
hol,57,11
kafter,0,0
Finish,4,0
Misplaced,1,0
str,39,5
upload,2,2
Kaiez,0,0
bak,6,0
Ami,1,0
rain,32,1
sux,1,0
technical,3,0
Tell,24,3
SUMTHINxx,0,0
toshiba,1,0
gently,1,0
enter,14,15
copied,1,0
tlk,2,0
msgsD,0,0
jokin,3,0
Valentine,8,2
site,7,0
young,2,0
shitstorm,1,0
received,1,2
REVISION,0,0
citizen,3,0
WENWECAN,1,0
lag,5,6
korli,0,0
gre,81,5
Tsunamis,1,0
nightsWe,0,0
lunch,31,0
conclusion,1,0
Alrite,1,0
ship,22,3
propose,2,0
reapply,0,0
breadstick,0,0
fidalfication,0,0
UNDERSTaND,1,0
headache,3,0
yep,2,0
looked,5,0
sterm,1,0
nav,2,0
BYATCH,1,0
properly,1,0
Bbq,1,0
SEEN,0,0
expects,1,0
STAPATI,1,0
gpu,2,0
REAL,8,5
purchase,2,3
BCK,1,0
Tomarrow,2,0
DLF,1,0
across,10,0
ahgee,0,0
GOD,5,0
entrepreneurs,1,0
decorating,0,0
basketball,0,0
Theres,0,0
stevelike,0,0
abstract,0,0
max,0,8
blankets,1,0
Touch,0,0
MISSIN,1,0
happening,5,0
track,6,1
GIVE,5,0
todaybut,0,0
INDIANS,1,0
support,9,2
faded,1,0
tolerance,1,0
brolly,1,0
NUMBER,1,0
windy,0,0
nasty,1,1
ITTB,0,0
yoga,7,0
crickiting,1,0
worldgnun,0,0
famous,1,0
BOATIN,1,0
email,9,1
Finally,3,0
uphad,0,0
offered,0,0
quickly,3,0
leave,53,2
chennai,7,0
STORES,1,0
showing,7,0
anybodys,0,0
main,11,0
Youi,1,0
icky,3,1
Eleven,1,0
Haha,21,0
comei,0,0
Heart,4,0
SORTEDBUT,0,0
wildlife,1,0
officewhats,0,0
contract,1,3
constantly,3,0
BABESOZI,0,0
checkboxes,1,0
GOODTIMEOLI,0,0
Mon,4,2
pain,24,0
Lmaonice,0,0
batt,8,0
liao,4,0
Sindu,1,0
flat,4,0
supposed,11,0
wondarfull,1,0
kvb,1,0
smoke,13,0
wordnot,0,0
westshore,1,0
Shhhhh,1,0
feed,0,0
advising,1,0
Fml,1,0
slept,6,0
laying,6,0
Message,1,3
travel,2,0
Okies,0,0
plz,14,0
necesity,1,0
netno,0,0
Browni,0,0
goodfine,0,0
opposite,1,0
jogging,0,0
casualty,1,0
facilities,1,0
sort,17,1
uncles,4,0
february,2,0
American,2,0
latelyxxx,1,0
Case,3,0
clever,2,0
transfr,3,0
sambarlife,0,0
venaam,0,0
Rum,2,0
smokes,2,0
ask,126,6
Murdered,3,0
hence,2,0
says,26,0
affidavit,1,0
Wherres,0,0
Afternoons,0,0
therexx,0,0
login,2,1
passThey,0,0
shall,19,0
Queen,0,0
Years,1,2
mentor,1,0
said,62,0
sundayish,0,0
lots,15,1
vague,1,0
hypertension,1,0
village,2,0
NEWQUAYSEND,0,0
somethin,49,0
Everything,2,0
AXIS,1,0
LATER,1,0
settled,3,0
Body,0,0
conected,0,0
heart,24,0
certificate,1,0
motherfucker,1,0
IMPORTANT,1,3
fish,6,0
ass,69,11
mother,5,0
guide,4,0
prakasam,1,0
risks,0,0
Nicenicehow,0,0
salesman,0,0
Wright,1,0
welcomes,0,0
captain,2,0
directors,0,0
RUDI,1,0
hate,15,0
Baaaaabe,0,0
supervisor,2,0
woken,2,0
allowed,2,0
NEVA,2,0
conserve,1,0
jess,2,0
prospects,2,0
yun,2,0
drum,1,0
vital,1,0
excuses,1,0
possible,10,0
Sat,3,2
Fresh,1,0
home,104,1
ystrdayice,0,0
rahul,1,0
üll,0,0
Peteis,0,0
drama,1,0
massagetiepos,0,0
behind,2,0
thread,2,0
boat,2,0
one,352,136
Daddy,3,0
Everyday,1,0
jam,1,1
myparents,1,0
housing,1,0
inour,0,0
sea,39,1
Roger,2,0
meds,5,0
BELIEVE,1,0
Oic,1,0
idc,1,0
sameso,0,0
SARY,0,0
services,1,11
inch,6,0
firefox,0,0
cake,0,0
grow,2,2
hour,39,5
haul,1,0
smeone,2,0
greece,0,0
borderline,1,0
tihs,2,0
remains,3,0
apeshit,1,0
Asking,2,0
wrk,2,0
funky,1,1
knees,1,0
girlfrnd,3,0
lager,0,0
google,3,0
minor,2,0
onwords,1,0
romantic,1,0
bari,1,0
superior,2,0
erupt,0,0
real,97,11
punch,1,0
kothi,1,0
birla,3,0
brothers,1,0
bac,89,21
Broadband,1,0
rule,2,0
Mystery,1,1
Eternal,0,0
manageable,1,0
taxless,0,0
classmates,0,0
mostly,1,0
diesel,1,0
vldo,0,0
fondly,1,0
affectionate,1,0
asthma,1,0
lov,145,8
pale,2,0
sources,1,0
africa,1,0
toughest,1,0
sacked,1,0
MITE,1,6
wine,8,0
information,2,4
LIFT,1,0
matter,3,0
Quote,0,0
excuse,8,0
ish,151,4
fab,3,0
closeby,1,0
forgiveness,0,0
careinsha,0,0
Hitler,1,0
Bec,5,0
lifted,1,0
fone,3,12
knew,11,0
gained,1,0
fusion,1,0
farm,2,0
weapon,1,0
Aaooooright,1,0
DollD,0,0
limiting,2,0
busy,12,2
mudyadhu,0,0
short,11,2
Every,10,1
education,3,0
unconsciously,1,0
burden,1,0
people,38,3
abdomen,1,0
developer,1,0
gowait,0,0
angels,1,0
shits,1,0
FRANYxxxxx,1,0
Hows,9,0
high,3,1
rayan,1,0
dodgey,1,0
exact,8,0
attach,3,0
mango,1,0
aptitude,1,0
screaming,2,0
sending,8,2
red,87,35
School,1,0
lotsly,0,0
inside,7,0
outage,1,0
kaaj,1,0
sOOn,1,0
barolla,0,0
piah,1,0
Ganesh,1,0
keeps,2,0
project,10,0
Evry,1,0
empty,4,0
malaria,3,0
Finished,1,0
bars,1,0
receipt,2,3
PORTIONS,1,0
SHIT,2,0
SOMEONE,3,0
within,6,7
birds,3,1
pendingi,0,0
made,25,1
flame,0,0
Twittering,1,0
willing,5,1
initiate,0,0
adewale,1,0
thesedays,1,0
Youre,0,0
ubandu,1,0
blah,1,0
priya,1,0
details,13,7
tackle,1,0
ages,15,8
stealing,1,0
iff,26,2
handed,3,0
Fingers,2,0
imaginationMy,0,0
unintentional,1,0
Missing,4,0
park,14,1
LST,1,0
fruit,1,0
speed,4,1
Sfrom,0,0
Hai,3,0
Ummmawill,0,0
nachos,0,0
dress,19,4
xins,0,0
FREINDS,1,0
ambitious,0,0
monkeys,2,0
FUCKED,1,0
shattered,0,0
cleaning,4,0
ans,76,17
loving,9,0
girl,26,6
TOMORW,0,0
april,3,0
stock,8,0
brought,2,1
Kkwhy,0,0
promise,10,1
pile,3,0
ride,4,0
stairs,2,0
babysitting,1,0
food,15,0
spend,12,0
happen,42,0
Almost,1,0
pic,98,16
engin,1,0
Blank,1,0
uncle,11,0
worthless,1,0
ifwhenhow,0,0
eating,8,0
thnk,6,0
sarasota,1,0
Yup,31,0
trouble,7,0
dressed,2,0
DONTPLEASE,1,0
theory,1,0
followed,1,2
Shijutta,0,0
system,5,0
VALENTINES,0,0
nange,1,0
NEVER,2,0
Ugadi,1,0
movie,16,0
reading,8,0
detailed,1,0
nearer,0,0
EVENING,1,0
PEACH,0,0
sonot,0,0
rob,68,0
Theory,0,0
STU,7,0
Zahers,0,0
ondu,2,0
screamed,1,0
Change,5,0
four,2,1
evenings,1,0
PICK,2,2
imposed,1,0
messagepandy,0,0
bat,31,0
World,2,1
broth,12,0
eggspert,0,0
requirements,1,0
Christians,1,0
normal,9,0
league,6,0
lighters,1,0
HONEYDID,0,0
sacrifice,1,0
jaya,2,0
manage,7,0
weirdy,1,0
awkward,0,0
route,1,0
KNOW,7,1
spent,8,0
smile,24,0
CHANCE,1,3
thkin,1,0
splwat,0,0
denis,1,0
Tessypls,0,0
ten,56,10
DAMMIT,0,0
Ashley,1,0
Centre,1,1
lowes,0,0
spoil,2,0
knowyetunde,0,0
credit,6,8
BORNPLEASE,0,0
quitting,1,0
ASKED,0,1
boye,1,0
sivatats,0,0
joined,4,2
hectic,1,0
stink,0,0
scrounge,2,0
GROWRANDOM,0,0
WOULD,1,0
gain,2,0
BREAKIN,1,0
blessings,1,0
sashimi,0,0
type,13,1
vic,14,60
recount,1,0
sec,28,10
print,7,0
ironing,1,0
disturb,11,0
seven,1,0
magical,3,0
Made,1,0
MEETIN,1,0
Nobut,0,0
Near,4,0
ache,22,0
smidgin,0,0
neglect,1,0
cash,10,43
XXXX,0,3
Merry,8,0
cakes,0,0
Seem,1,0
yogasana,3,0
buyer,1,0
helps,1,0
friday,9,0
specific,2,0
facebook,3,0
monthnot,0,0
dent,10,18
FONE,4,4
chick,5,0
spiritual,1,0
paperwork,1,0
greatness,0,0
tiwary,1,0
crisis,1,0
REMEMBER,2,0
Dom,1,0
lttrs,0,0
Looks,4,0
started,16,1
slide,1,0
Doc,3,0
requires,1,0
meals,1,0
results,2,3
paypal,0,0
panic,3,0
Yetunde,1,0
thousands,1,1
nose,1,0
Companion,1,0
THANKS,1,0
forgive,2,0
semiobscure,1,0
starer,1,0
Horrible,3,0
Ding,1,0
reassuring,0,0
semester,5,0
saibaba,1,0
FIRST,1,1
subs,1,26
computational,1,0
brothas,1,0
weighed,1,0
prix,0,0
Feels,1,0
Also,15,0
Alaipayuthe,0,0
assistance,1,0
ugos,0,0
calculation,1,0
Yes,38,0
breezy,1,0
hug,7,0
payments,1,0
yeah,18,0
fineabsolutly,0,0
Sherawat,1,0
pulling,1,0
legal,2,0
Pshewmissing,0,0
Delhi,2,0
PARTY,3,0
Kkadvance,0,0
Yelowi,0,0
typelyk,0,0
Nobody,4,0
looovvve,1,0
coulda,1,0
FUNNY,0,0
Hoping,1,0
meim,0,0
charles,1,0
enemy,3,0
chikkusimple,0,0
Pose,1,0
STaY,1,0
carpark,0,0
wednesday,4,0
hurt,22,0
financial,1,0
mathematics,0,0
suggestion,1,0
chez,1,0
Arun,2,0
LAY,2,2
frying,2,0
princeGN,0,0
meatballs,1,0
expert,1,0
offdam,1,0
independently,1,0
wrench,2,0
receipts,0,0
WordsEvry,0,0
Drop,1,0
rock,8,0
settings,1,0
jazz,5,0
saved,3,0
Cut,5,0
cyclists,1,0
giggle,1,0
SATLOVE,0,0
images,1,0
Lmao,3,0
uif,0,0
MINI,0,0
preponed,1,0
wallet,1,0
RTM,1,0
six,1,1
formal,0,0
prey,2,0
INTELLIGENT,1,0
Tmr,4,0
Goin,16,0
uneventful,1,0
wknd,1,0
AVA,3,0
Therere,0,0
delete,6,0
waythis,0,0
Twelve,0,0
doc,9,0
tom,78,49
HOLIDAY,1,0
murder,10,0
dereks,0,0
carente,0,0
Nimbomsons,0,0
announced,1,0
hisher,0,0
suggest,4,0
Immediately,0,0
floating,1,0
wanted,25,1
gist,8,6
lived,2,0
Peaceful,1,0
lautech,0,0
hitteranyway,0,0
elsewhere,1,0
okay,2,0
maps,1,0
heading,2,0
weigh,4,0
sleepy,1,0
GAS,1,0
algebra,1,0
hostile,1,0
youdearwith,0,0
effects,1,0
happiest,1,0
JAN,2,2
reache,10,0
lou,15,18
dhorte,1,0
update,2,7
supplies,1,0
Iriver,1,0
Nigeria,0,0
elaine,0,0
replacement,1,0
mail,27,1
replying,1,6
Sms,1,0
BABYHOPE,0,0
Onum,1,0
sunroof,1,0
already,44,1
sister,12,0
met,68,1
daysèn,0,0
note,4,0
Spain,1,0
pussy,3,0
perspective,1,0
bedbut,1,0
Hell,14,2
long,40,1
connections,1,0
thisdon,0,0
outs,19,0
read,92,7
WISHING,1,0
anybody,3,0
rang,12,24
split,1,0
Hes,0,0
adults,1,0
QUITE,2,0
cookies,1,0
car,120,13
haf,20,0
haunt,1,0
fucks,1,0
KNOWNEWAY,0,0
ktv,1,0
FIT,1,0
Arms,1,0
gettin,48,6
OKTAKE,0,0
jaklin,1,0
offc,2,0
download,8,6
Christmas,4,0
mca,1,0
load,22,15
bike,0,0
MORNING,5,0
cream,11,0
qatar,3,0
delayed,1,0
SIR,0,0
Dearshall,0,0
Moji,5,0
upseti,0,0
corvettes,1,0
luck,10,6
stagwood,1,0
clover,1,0
Swayze,1,0
endowed,0,0
risk,2,0
nichols,1,0
gift,6,11
realize,6,1
instructions,1,1
evil,1,1
humans,1,0
waves,1,0
groovy,1,0
nipost,1,0
role,7,0
released,3,1
vpist,0,0
hungover,0,0
drinkin,4,0
hello,3,0
pilates,4,0
pmt,1,0
buses,2,0
island,2,0
bay,2,0
quit,32,0
janarige,1,0
nahi,1,0
milk,2,0
txtjourney,0,0
confirm,10,1
callsmessagesmissed,0,0
algorithms,1,0
MILLIONS,1,0
resume,1,0
Fear,2,0
celebrate,3,0
arguing,1,0
brin,29,2
certainly,3,0
memorable,0,0
ikea,1,0
truffles,1,0
along,1,1
Remind,2,0
section,2,0
synced,1,0
poor,9,0
quite,29,0
bunkers,1,0
febapril,0,0
sponsors,1,0
Hrishi,1,0
Nimyapls,0,0
wipro,1,0
cuppa,1,0
trip,14,5
department,1,0
comp,43,35
hands,3,1
gep,1,0
Phil,1,0
aunt,10,0
Grahmbell,3,0
vday,2,0
Kids,5,0
Invest,1,0
promptly,1,0
progress,0,0
strong,4,0
opportunity,3,0
timin,4,0
EXACT,1,0
Joys,0,0
chocolate,2,0
happiness,7,0
wherever,6,0
yifeng,1,0
msn,0,0
blakes,0,0
grasp,1,0
away,19,1
Common,0,0
Brainless,1,0
mins,11,15
forwarded,5,0
tvhe,0,0
Astronomer,1,0
london,1,0
Imagine,2,0
christ,6,1
laxinorficated,1,0
lazy,7,0
justbeen,1,0
necessary,2,0
know,205,18
disappeared,0,0
reasonable,2,0
SEND,2,0
kaitlyn,0,0
hoo,47,9
Skallis,0,0
favourite,2,0
surfing,5,0
Boost,0,0
tram,0,0
Omg,8,0
nig,92,6
aka,4,0
wet,1,1
hwd,0,0
jide,1,0
peoples,1,0
bunch,1,0
FRIENDS,3,0
ana,33,3
imagine,5,0
nowonion,0,0
Tues,3,0
ard,97,64
faithEvening,0,0
definitely,6,1
usual,11,0
openin,4,0
coffee,6,0
lookin,23,10
arent,16,0
frequently,1,0
alcohol,0,0
Argh,2,0
peace,1,0
influx,1,0
lik,217,13
sachinjust,0,0
whispers,0,0
passed,4,0
Thinks,1,0
Started,1,0
dump,1,0
isare,0,0
wasnt,1,0
Student,0,0
trade,2,0
distance,3,0
Filling,1,0
BOO,1,0
itLEAVE,0,0
cThen,1,0
outta,4,0
dramatic,0,0
walkabout,1,0
freaking,1,0
outif,0,0
store,3,4
weekdays,1,0
uploaded,1,0
internal,1,0
tear,3,0
AGO,0,0
somewhat,1,0
returned,3,0
arms,2,0
mitsake,0,0
SURPRISE,4,3
tea,32,1
darkness,0,0
cultures,1,0
lunchyou,0,0
Teach,2,0
vtired,0,0
breeze,0,0
accumulation,0,0
Hurt,4,0
fro,6,5
Hugs,2,0
posterode,0,0
woozles,1,0
stomps,0,0
breathing,1,0
Grumpy,1,0
least,13,0
beforewent,0,0
terms,2,3
drug,14,0
TOPLAY,1,0
evrydy,2,0
sorts,1,0
CRISISSPK,0,0
today,49,3
related,1,0
firesAre,0,0
dieting,1,0
Aight,14,0
sim,12,3
Reply,9,40
stick,2,1
Becomes,1,0
daywith,1,0
wrecked,0,0
leastWhich,0,0
vitamin,1,0
probs,2,0
STUDY,1,0
salmon,1,0
Rofl,1,0
dub,4,0
touch,15,1
residency,1,0
Datz,2,0
Theyre,1,0
somone,1,0
favour,3,0
Foned,1,0
use,99,15
okie,3,0
frndZ,1,0
bluff,2,0
Mobile,2,34
Goodo,0,0
Noooooooo,1,0
machines,1,0
community,1,1
Baaaaaaaabe,0,0
WOKE,2,0
request,7,1
month,22,3
Newport,1,0
ouch,18,32
mon,77,11
rents,11,0
drmstake,0,0
EVEN,2,0
hussey,1,0
talks,1,0
shy,2,0
destination,1,0
joy,30,9
lemme,6,0
ron,31,0
DAYU,0,0
Nickey,1,0
cried,1,0
aquarius,1,0
Understand,0,0
ENJOYIN,2,0
save,9,1
Back,4,1
HUN,2,0
includes,1,0
inconsiderate,2,0
openings,1,0
vibrate,1,0
soul,1,0
Celebrations,1,0
hamper,0,0
without,21,0
letters,4,0
Cable,1,0
dai,1,0
wwwfullonsmscom,0,0
defer,1,0
depressed,1,0
MoralOne,0,0
completes,1,0
family,17,0
memory,1,0
Luxury,0,0
blackberry,4,0
eruku,0,0
TALK,5,2
skint,1,0
obese,0,0
BED,3,0
later,88,0
startedindia,0,0
positive,1,0
havent,16,0
BIRTHDAY,6,0
amount,5,0
particularly,1,0
Best,3,0
regretted,1,0
everybodys,0,0
nightnight,1,0
cannt,0,0
SELFINDEPENDENCE,1,0
dang,1,0
frankgood,0,0
dramastorms,0,0
looking,19,9
put,35,6
placeNo,0,0
Gettin,3,0
Care,0,1
BOUT,2,0
Siva,1,0
Find,1,3
Took,1,0
Meat,1,0
buyers,0,0
crore,1,0
embarassed,2,0
picked,4,4
grins,0,0
coaxing,1,0
valueMorning,0,0
Superb,1,0
hai,23,0
Hope,46,2
gap,6,0
paranoid,1,0
Balls,0,0
mths,1,2
mumHas,1,0
needed,2,0
Captain,2,0
IDPS,1,0
fringe,2,0
dunno,12,0
olayiwolas,0,0
feb,5,0
FRNDS,0,0
swatch,2,0
booking,2,1
John,4,0
Great,6,4
Airtel,1,0
owed,5,2
listening,4,0
inlude,1,0
xxxxxxxxxxxxxX,1,0
Resend,1,0
harri,1,0
playerwhy,0,0
outstanding,3,0
childish,4,0
Open,1,0
bottle,2,0
smth,12,0
WRKI,0,0
However,1,0
Feeling,1,0
cell,11,0
WIFE,1,1
reflex,1,0
THING,6,0
wheellock,0,0
drinkpa,0,0
bro,30,3
tendencies,0,0
ing,1358,187
poking,1,0
floor,0,0
rays,4,0
callingForgot,0,0
lick,7,4
symbol,1,0
attitude,1,0
processits,0,0
diet,2,0
Thatll,0,0
lot,49,1
flaked,2,0
Mumtaz,1,0
thinked,1,0
diwali,1,0
fine,11,0
KNOWS,1,1
ntswt,0,0
formatting,0,0
inmind,1,0
Wow,6,0
tescos,1,0
overtime,1,0
adjustable,0,0
chechi,1,0
network,2,23
rate,21,20
cometil,0,0
pimples,1,0
convincing,0,0
WRONGTAKE,0,0
interested,4,0
mate,16,6
NEED,8,0
coccooning,1,0
recreation,1,0
smaller,1,0
vijay,3,0
left,24,1
samachara,1,0
parkin,4,0
dealers,0,0
otside,2,0
raise,6,0
mcr,1,0
die,19,2
current,6,12
websitenow,0,0
raksha,1,0
cutie,0,0
way,166,1
missed,17,1
warning,1,0
moneYas,0,0
balance,4,2
manege,1,0
chikku,4,0
ignoring,1,0
Eta,1,0
Expected,0,0
lar,30,5
Comfort,0,0
dude,7,0
freely,0,0
bash,1,0
Waves,1,0
Log,2,2
STUPID,3,0
entey,1,0
Jay,5,0
ridden,1,0
stopped,4,0
WANNATELL,1,0
cosign,1,0
mutations,0,0
ovulation,2,0
dearRakhesh,0,0
afternoon,11,0
bedreal,1,0
sees,0,0
cutest,1,0
Din,4,0
karo,1,0
bud,9,0
burn,4,0
spanish,1,0
rounderso,0,0
hole,14,0
tour,3,0
brownie,2,0
tigress,0,0
consistently,1,0
HCL,1,0
girlie,1,0
fatty,1,0
valuable,3,0
grown,2,0
barred,1,0
needy,1,0
sound,11,3
useful,2,0
Wipe,1,0
informed,3,2
taste,2,0
eggs,1,0
Poor,1,0
unless,6,0
brand,1,2
DONT,2,1
astoundingly,1,0
BROKE,1,0
answer,18,7
Yun,4,0
Geeeee,2,0
WORDS,1,0
well,38,1
kalstiyathen,0,0
finance,1,0
Accept,4,0
source,4,0
treacle,0,0
thatd,0,0
ringing,4,1
Tension,2,0
WHITE,1,0
dark,2,2
printing,1,0
tor,53,27
goodnite,2,0
burns,1,0
Motivate,1,0
Alex,2,0
Toll,3,0
delay,1,0
anywhere,2,0
planetI,0,0
usc,2,0
hundreds,1,0
Minimum,1,0
adi,24,4
PIN,3,0
basically,5,0
nosy,1,0
click,2,2
squeezed,1,0
bout,15,1
Vegas,1,0
HAVIN,1,0
sed,82,9
natural,1,0
theyll,0,0
funeral,2,0
social,5,0
POOR,1,0
throws,1,0
sis,32,0
eyes,5,0
secure,1,0
Hanumanji,1,0
YRS,1,0
stress,2,0
neck,4,0
attracts,1,0
possession,2,0
varma,1,0
Normal,2,1
Wana,1,0
Left,2,0
chasing,1,1
sales,1,0
continent,0,0
toldshe,0,0
woul,61,1
rather,7,0
rem,51,8
denying,1,0
worst,2,0
bitching,1,0
stalking,1,0
press,11,0
messaged,2,0
brisk,1,0
contacts,2,0
payoh,3,0
nalla,1,0
Sar,3,2
darren,7,0
sway,1,0
costume,0,0
GOODNOON,0,0
fakeyes,0,0
MEET,4,0
srs,2,0
Hang,2,0
rose,4,0
careswt,0,0
Fwiw,1,0
Send,18,20
volcanoes,1,0
JUS,3,0
Grl,0,0
anna,31,11
mindi,2,0
uttered,1,0
Funny,1,0
marandratha,0,0
icon,1,0
FRAN,4,0
Hiwhat,0,0
somethings,0,0
exercise,0,0
abnormally,0,0
LES,3,0
fifth,1,0
months,5,2
wana,11,0
Haf,2,0
pig,4,0
blimey,0,0
edwards,1,0
bags,0,0
victoria,1,0
sum,10,2
played,2,2
Wife,5,0
Ques,1,0
dentists,1,0
embarassing,0,0
divorce,0,0
relocate,0,0
Noice,0,0
worryuse,0,0
Havnt,3,0
thoso,0,0
wad,1,0
airtel,1,0
bowa,0,0
engagement,1,0
choosing,1,0
jewelry,0,0
Safe,1,0
readyall,0,0
chikkuali,0,0
failed,1,1
learned,1,0
lil,3,0
Even,17,0
start,43,8
fring,3,0
clarification,1,0
kano,1,0
soc,6,0
Spoke,2,0
owl,14,0
url,2,0
ALWAYS,2,0
hadnt,0,0
friendsare,1,0
herwho,0,0
MOVIE,1,0
england,0,0
IWANA,1,0
configure,1,0
bridge,1,0
moviewat,0,0
FIGHTS,0,0
accept,2,0
ibored,0,0
ashwini,1,0
sudn,0,0
Pete,8,1
molestedsomeone,0,0
pretsovru,1,0
mouse,1,0
enemies,1,0
coming,44,2
winds,1,0
fulfil,1,0
sip,2,0
MRur,0,0
cornwall,0,0
SURE,2,0
concentrate,2,0
buffet,1,0
wonders,4,0
century,1,0
FLOWER,1,2
jod,1,0
deadWell,0,0
Intimate,0,0
whereare,1,0
mandara,1,0
intha,1,0
language,1,0
shangela,0,0
brownies,1,0
Starts,1,2
Feel,4,0
pehle,1,0
drink,20,0
Thankyou,1,0
stubborn,1,0
books,2,0
aunts,2,0
Uncle,3,0
reserve,3,0
Ugh,10,0
bthmm,0,0
wif,33,0
shadow,0,0
sky,8,0
TALKED,1,0
SaLL,1,0
close,20,0
select,3,30
Like,8,0
Ubi,1,0
weirdo,0,0
modules,2,0
STUDENT,2,0
SAUSAGELOVE,0,0
asus,1,0
INDYAROCKSCOM,0,0
wisdom,1,0
Designation,1,0
september,1,0
await,1,24
wrking,1,0
Onam,1,0
thatdont,0,0
apartment,3,0
hang,37,0
Zindgi,1,0
nattil,1,0
Evenings,1,0
relation,1,0
idea,7,0
ready,74,6
Drink,1,2
yor,2,0
handsome,2,0
Facebook,1,0
teacoffee,0,0
Guai,0,0
born,1,0
waliking,1,0
guides,1,0
complexities,1,0
COMPLETELY,1,0
instead,5,0
Hav,11,0
CHEERED,1,0
telephone,1,1
kaypoh,0,0
SMS,5,13
patent,0,0
Sleep,3,0
rawring,1,0
kitty,1,0
MUM,4,0
happy,36,0
Thy,2,0
Messagesome,0,0
ShopWe,0,0
corporation,1,0
finns,0,0
wearing,3,0
drunkard,0,0
medical,6,0
Wont,1,0
far,11,0
Pain,4,0
Old,2,0
manda,1,1
carlin,1,0
stage,1,0
MISS,8,0
URFEELING,1,0
Egbon,1,0
Wait,12,0
figures,0,0
meeting,32,0
chikkuB,0,0
shexy,0,0
durban,1,0
incident,0,0
lifeThis,0,0
taken,2,0
Peace,1,0
Hmmm,3,0
hont,0,0
ahwhat,0,0
sigh,1,0
living,2,1
Tunde,0,0
Mostly,1,0
lightly,2,0
meetitz,0,0
boss,3,0
XXXXX,0,2
recycling,0,0
girls,7,4
AMY,1,0
spatula,1,0
Hasbroin,0,0
reaction,1,0
fills,3,0
somerset,0,0
cherthalain,0,0
HARDEST,1,0
Pleasure,3,0
discuss,6,0
Jones,0,0
passionate,3,0
uwana,1,0
stand,20,6
comb,3,0
Cant,5,4
dokey,1,0
comfort,1,0
alritehave,0,0
west,4,3
single,3,4
contact,13,61
tip,2,1
doggy,2,0
DAYS,1,0
syd,1,0
resort,1,0
Wahleykkumsharing,0,0
Storming,3,0
againloving,0,0
fancied,1,0
dvg,1,0
London,1,4
childporn,1,0
description,1,0
Gain,1,0
raglan,1,0
unintentionally,1,0
casing,1,0
morning,36,0
KAVALAN,2,0
CougarPen,0,0
Truthful,0,0
Prabhaim,0,0
prsn,1,0
wuld,2,0
suitemates,1,0
Gee,7,0
END,14,7
needa,1,0
tot,27,0
grief,1,0
arguments,1,0
attended,1,0
boys,2,0
goin,149,1
hoped,2,0
yahoo,6,0
kettoda,4,0
getiing,1,0
inpersonation,1,0
Brief,1,0
thuglyfe,1,0
lovely,9,0
join,16,11
hospitals,1,0
behalf,1,0
soladha,0,0
ericson,1,0
forget,15,2
duffer,1,0
WEEK,1,1
payed,0,0
public,5,0
losers,1,0
Someone,3,7
shldxxxx,1,0
chile,0,0
light,18,3
cherish,2,0
tuesday,1,0
pleased,3,3
painting,1,0
isComing,1,0
BEER,1,0
visitneed,0,0
warner,1,0
Meet,5,0
fineInshah,0,0
soso,0,0
play,31,20
turning,3,0
woould,1,0
macs,1,0
Txt,4,66
nannys,1,0
doors,3,0
transfer,5,1
greatly,1,0
Wasnt,0,0
wasting,0,0
speechless,2,0
developed,1,0
poet,1,0
fne,1,0
hep,2,0
Hmph,0,0
mahfuuzmeaning,0,0
faultfed,0,0
uxxxx,0,0
HAUGHAIGHGTUJHYGUJ,1,0
LOU,1,0
reaching,7,0
else,14,0
locks,2,0
Meanwhile,4,0
previous,2,4
KUDIyarasu,0,0
seen,11,0
Book,3,2
random,5,2
post,23,6
ryan,1,0
plenty,4,0
membership,1,2
dayshe,0,0
firmware,1,0
resuming,0,0
bank,11,0
charges,2,2
jealous,2,0
Police,3,1
chip,2,0
blog,1,0
donyt,1,0
Tis,2,0
Sif,0,0
times,26,0
thk,37,0
carly,1,0
etc,10,8
anythingtomorrow,1,0
dot,1,0
Mathe,2,0
lingo,0,0
bcaz,1,0
eight,8,0
Joking,1,0
prometazine,1,0
trust,8,0
lark,1,0
seekers,0,0
humanities,1,0
truck,2,0
loko,1,0
method,1,0
pocy,1,0
meow,1,3
smashed,1,1
Kkyesterday,0,0
Yesmum,0,0
TOBED,1,0
pee,8,1
youmoney,0,0
emigrated,1,0
spacebucks,1,0
Going,15,0
nagar,3,0
spell,4,0
Carlos,6,0
DUMB,0,0
fellow,0,0
Spose,1,0
Err,0,0
Yagoing,0,0
ahold,1,0
removed,0,1
JJC,1,0
perumbavoor,1,0
bimbo,1,0
Future,1,1
wikipediacom,0,0
creative,0,0
Last,7,9
figure,9,0
reliant,1,0
Iam,3,0
swann,1,0
names,1,2
youre,2,0
moves,2,0
evey,1,0
didt,0,0
ever,174,35
beta,0,0
TERMINATEDWE,0,0
nus,4,17
mummys,0,0
free,48,51
CHECKIN,1,0
lobby,1,0
avalarr,1,0
biggest,1,3
fourth,1,0
prescribed,1,0
cha,90,63
gua,1,26
Jays,0,0
BTW,1,0
Winning,2,0
rupaul,1,0
wondering,7,0
Hmmmm,0,0
Sleeping,2,0
usGET,0,0
Msg,4,9
weight,1,0
bffs,1,0
successful,5,0
mns,1,0
thank,30,1
Hurry,4,0
OFTEN,1,0
Frankie,1,0
access,2,5
Yay,1,0
gate,4,0
rates,1,9
prasad,0,0
shipped,1,0
TayseerTISSCO,0,0
smokin,4,0
tirunelvali,2,0
urgentlyits,0,0
PETROL,0,0
mrng,8,0
works,5,2
Fffff,0,0
asa,13,0
teams,1,0
return,14,0
Slaaaaave,1,0
greetings,2,0
nokia,2,5
luvNight,0,0
rights,2,0
sudden,2,0
gdthe,0,0
holding,6,0
LAST,3,0
answered,1,0
kfc,1,0
challenging,1,0
tmr,13,0
jungle,1,0
much,77,1
sells,2,0
tomo,59,6
Dai,3,0
reach,40,5
blood,5,0
Que,2,1
parantella,1,0
saying,19,0
Till,1,0
speaking,1,0
amt,2,0
invoices,1,0
Toledo,0,0
DRINK,2,0
deduct,1,0
closer,3,0
salt,0,0
SAW,1,0
sofa,2,0
problematic,1,0
SOO,5,0
jacuzzi,1,0
roommate,5,0
change,23,0
alivebetter,0,0
SOZ,1,0
sleep,49,0
Poop,0,0
dado,0,0
dentist,1,0
Atlanta,0,0
bite,2,0
officethenampet,0,0
definitly,1,0
hours,12,5
order,9,18
confused,1,0
latei,0,0
usps,1,0
afraid,3,1
prepare,1,0
telugu,1,0
swalpa,1,0
DAN,1,0
Reading,4,0
deal,11,1
hershe,0,0
grumble,1,0
AIG,2,0
Reminding,1,0
alter,1,0
jabo,1,0
costs,1,1
finishd,0,0
poured,1,0
admission,1,0
entertaining,1,0
university,2,0
overemphasiseor,0,0
MUCHI,0,0
abelu,0,0
wan,267,22
jays,0,0
collapsed,1,0
Speak,12,4
SEE,5,0
storelike,0,0
hollalater,1,0
Never,10,0
dubsack,3,0
Loads,1,0
Unlike,1,0
panalambut,0,0
mist,7,1
future,1,3
opinion,8,0
pases,1,0
level,1,0
Predicte,1,0
religiously,0,0
throwing,1,0
poem,0,0
Deliver,1,8
online,14,0
bedroom,5,1
gong,0,0
Neshanthtel,0,0
cant,55,0
magic,3,0
upping,1,0
urgnt,1,0
opps,0,0
ear,263,39
MAHAL,1,0
juliana,0,0
clearing,2,0
thrown,1,0
Google,2,0
slippers,3,0
nightswt,0,0
Velly,1,0
gentleman,3,0
starting,4,3
stands,0,0
nammanna,1,0
ISVIMPORTANT,0,0
Playin,1,0
messy,1,0
say,117,1
hotel,4,3
soiree,1,0
ANYTHING,1,0
waited,2,0
cinema,2,3
headstart,1,0
steyn,1,0
charlie,1,0
tried,5,17
moan,4,0
hassling,1,0
boytoy,10,0
macho,3,0
convince,2,0
ese,24,12
Thought,4,0
emailed,1,0
legs,3,0
unconscious,2,0
Texting,1,0
wonderful,13,0
closed,1,0
fancy,3,4
boggy,1,0
Wine,4,0
Ese,1,0
better,29,0
friendofafriend,0,0
pizza,5,0
Press,5,3
rael,2,0
idu,2,0
lets,8,1
balloon,0,0
neekunna,1,0
feeling,15,2
Macha,2,0
spoken,4,0
DAS,1,0
eta,22,7
godYou,0,0
cricketer,2,0
hon,76,47
wtc,1,0
teethif,0,0
CHARGE,1,0
Miss,12,1
Lool,0,0
bawling,1,0
look,55,13
elaya,0,0
treatin,0,0
parentsi,0,0
gonna,55,0
unemployed,1,0
shrink,1,0
EXPLAIN,1,0
someones,0,0
Prasanth,1,0
noun,3,2
full,27,0
Damn,3,0
gdnow,0,0
lower,4,2
entropication,0,0
parco,2,0
anything,49,0
hides,1,0
tablet,3,0
GOSSIP,1,0
glory,0,0
went,47,0
surrounded,1,0
joking,2,0
tke,1,0
recession,2,0
soonxxx,0,0
eve,258,46
brings,4,1
carry,3,0
honeymoon,1,0
face,18,0
Set,1,0
ext,121,123
needle,1,0
scared,2,0
dial,2,1
Nice,4,0
point,17,0
someone,32,7
watch,53,0
CERI,1,0
value,2,11
fakemy,0,0
sliding,1,0
Loves,5,0
taxt,1,0
struggling,1,0
meive,1,0
sochte,1,0
gari,1,0
anyones,1,0
plumbingremixed,0,0
tampa,8,0
ammo,1,0
prestige,1,0
careful,1,0
ths,11,4
papers,3,0
age,94,32
dust,0,0
tonsolitusaswell,0,0
means,23,0
cos,63,12
Hey,73,5
yesterday,8,0
Solve,3,0
BOYF,0,0
laughs,0,0
passable,0,0
dropped,5,0
Gudnitetcpractice,0,0
archive,0,0
Yalru,1,0
terrorist,0,0
senthil,1,0
korean,1,0
score,4,1
cover,8,0
installation,1,0
Loooooool,1,0
seem,13,1
turns,10,0
Auntie,1,0
Spring,1,0
boston,2,0
Bday,0,0
Soul,1,0
sehwag,1,0
literally,2,0
Getting,2,0
video,2,22
ore,58,11
fast,11,3
herepls,0,0
career,2,1
shortage,3,0
Cttergg,0,0
bleh,0,0
sentence,3,0
guys,29,3
Sbut,0,0
capacity,1,0
fal,10,1
Boy,3,1
jeetey,1,0
Jolly,1,0
hide,2,0
rencontre,0,0
adsense,1,0
issues,2,2
moms,1,0
reasons,4,0
causes,1,0
buen,1,0
Guide,2,0
words,15,0
GANG,1,0
visitors,0,0
styles,0,0
scrumptious,0,0
jay,12,0
BACKWARDS,0,0
coco,1,0
whatever,11,0
Tim,7,0
jokes,0,0
oni,33,6
pin,76,8
DREAMZ,1,0
immediately,2,5
lucky,5,6
waheeda,1,0
yould,0,0
walsall,1,0
moseley,1,0
hiphop,1,0
HAVENTCN,1,0
maraikara,1,0
performance,1,0
horse,1,0
noncomittal,1,0
sports,1,1
sarcastic,2,0
NITW,1,0
smells,1,0
friendships,1,0
clear,7,0
dearloving,0,0
COMPETITION,0,0
link,4,6
HELLOGORGEOUS,0,0
elections,1,0
Bristol,1,0
judgementali,0,0
others,8,0
dearslp,0,0
irritated,1,0
Kkits,0,0
MOyeP,0,0
loses,4,0
ANNIE,1,0
Friends,11,0
story,19,0
shd,7,0
rebtel,1,0
wishlist,1,0
maintaining,1,0
jst,3,0
baller,0,0
diddy,1,0
likes,4,0
dock,0,0
callertune,5,0
fats,0,0
deliver,4,15
tat,20,27
Dnt,2,0
makiing,1,0
greatest,2,0
Shoul,1,0
lambda,1,0
CULDNT,1,0
flirting,1,1
toking,1,0
frnt,1,0
prominent,1,0
dengra,0,0
mess,46,26
unsoldnow,0,0
gimme,1,0
Thats,20,0
Voila,0,0
bet,34,0
HIYA,2,0
poorly,1,0
GWR,0,0
gays,1,0
hairdressers,1,0
MANEESHA,3,0
fletcher,1,0
korche,1,0
DOGBREATH,0,0
yorge,1,0
messageno,0,0
yijuehotmailcom,0,0
parent,9,0
modl,1,0
kama,1,0
luks,1,0
Kerala,4,0
arise,1,0
yummy,2,0
WOTU,1,0
silent,5,0
beautifulMay,0,0
POSTCARD,2,0
mth,13,2
insurance,3,0
madodu,0,0
nike,0,0
utter,3,0
amplikater,1,0
engalnd,0,0
flyim,0,0
Jon,0,0
merry,1,0
lip,12,1
weakness,2,0
hum,3,0
florida,1,0
situations,0,0
sathy,2,0
noon,20,0
appointments,1,0
Trying,1,0
oblivious,1,0
break,10,1
Kgive,0,0
Doesnt,0,0
stoners,1,0
Bognor,1,0
sterling,1,0
place,53,5
stop,27,35
Bits,1,0
snogs,0,0
cruisin,1,0
PARENTS,1,0
Per,13,0
door,7,1
Turns,1,0
Kallis,2,0
Tea,9,0
call,247,181
hardly,2,0
Yessura,0,0
WRLD,0,0
avin,19,1
corrct,1,0
ayo,4,0
suits,2,0
open,18,1
YEH,1,0
forth,1,0
wnt,6,0
amore,1,0
connection,5,1
aid,76,5
beggar,0,0
brainy,1,0
programs,1,0
posting,1,0
performed,0,0
Nimya,0,0
ELLO,3,0
clock,3,0
buying,6,0
feels,6,0
beverage,1,0
urmomi,0,0
Stylish,4,0
lacsthats,0,0
Goodnight,1,0
Company,2,0
jobs,2,0
scotland,1,0
Argument,3,0
tank,1,0
Gumbys,0,0
jeans,1,0
behave,5,0
THANX,2,0
mornin,36,0
fit,4,4
Honestly,1,0
mention,2,0
correctionor,0,0
pura,2,0
Itna,1,0
stations,0,0
RING,2,4
lim,9,15
scary,1,0
Beth,1,0
YOURE,0,0
ettans,1,0
NAKED,0,0
Stylist,1,0
imp,33,14
wrks,1,0
Aslamalaikkuminsha,0,0
arun,1,0
olage,1,0
Yoyyooo,1,0
ltgt,0,0
Remembr,2,0
arrange,4,2
Shant,1,0
IKEA,2,0
TRY,2,2
CHEERS,3,0
harlem,0,0
account,14,3
keen,1,0
flowing,2,0
layin,8,0
linear,1,0
Bill,1,0
gynae,1,0
visa,1,0
Apo,1,0
mac,14,0
tul,3,12
time,162,28
tests,0,1
Izzit,3,0
Def,1,0
snowball,1,0
casting,1,0
shoppin,18,4
evo,0,0
sapna,1,0
Takecare,0,0
appeal,1,0
sorydarealyfrm,0,0
MUMS,1,0
SOMETHIN,2,0
shoving,2,0
stable,1,0
godtaken,0,0
probably,24,0
forced,1,0
bruv,0,0
whose,1,1
annie,0,0
Ola,1,0
keluviri,0,0
Whats,4,1
tactless,1,0
swollen,1,0
karnan,1,0
hen,24,0
Wtf,0,0
yay,1,0
cuz,6,0
expecting,4,0
Bright,2,0
accidant,1,0
SOUNDING,1,0
youany,0,0
multis,0,0
Means,2,0
ChristmasMerry,0,0
consensus,1,0
hiding,1,0
problems,4,0
LUCYxx,1,0
truth,5,0
edrunk,1,0
wesleys,1,0
shorter,3,0
rearrange,1,0
vijaykanth,1,0
calls,11,3
URSELF,3,0
unique,1,2
LUTON,1,0
lakhs,0,0
norm,10,2
Beware,2,0
liver,4,23
making,21,0
opponenter,1,0
sit,51,7
nitz,0,0
AFEW,1,0
ESPECIALLY,1,0
prakasamanu,1,0
camera,2,18
cumming,1,0
question,18,5
homecheck,0,0
patients,1,0
konw,2,0
bras,1,0
tryin,28,15
Shahjahan,1,0
Slept,0,0
mas,23,13
SOON,4,0
Aldrine,0,0
ahthe,0,0
PERIL,1,0
donno,2,0
burgundy,1,0
thought,38,1
ure,114,7
bring,28,2
computer,5,5
outrageous,0,0
dict,7,0
durham,1,0
insects,1,0
trash,0,0
find,48,18
Goodmorningmy,0,0
burial,0,0
studio,1,0
LMAO,1,0
FINISH,2,0
bucks,5,0
stuffing,1,0
Lets,8,0
kent,1,0
jiayin,1,0
tsunamis,1,0
watched,1,0
trouser,1,0
reboot,3,0
stash,1,0
subtoitles,1,0
Ffffffffff,0,0
chop,1,0
YOURJOB,0,0
sumfing,1,0
fireplace,0,0
kgood,0,0
pleasure,3,0
argentina,0,0
drunk,4,0
Kent,1,0
gods,0,0
BRISTOL,1,0
champlaxigating,0,0
nap,2,1
kegger,0,0
olave,1,0
leonardo,1,0
phoned,2,0
shit,31,0
girld,0,0
rich,3,0
Helloooo,0,0
Btw,2,0
answerin,5,0
usualiam,0,0
Could,4,0
murderer,3,0
lotz,1,0
loverboy,3,0
NICHOLS,1,1
IFINK,1,0
Ohi,0,0
recognises,1,0
iouri,2,0
filled,4,0
greet,5,0
thatnow,0,0
plate,0,0
side,40,0
Payee,0,0
impatient,2,0
benefits,1,0
New,16,15
yday,2,0
problem,20,0
grocers,0,0
infections,1,0
Scared,2,0
theyre,0,0
maggi,1,0
amigos,1,0
officially,2,0
panties,0,0
solved,1,0
Well,33,2
tui,3,0
Youve,0,0
straight,3,2
Cutefrnd,3,0
Abbey,0,0
helpful,1,0
COMIN,2,0
coach,1,0
deleted,4,0
butting,1,0
Intelligent,1,0
Atlast,1,0
curious,2,0
pataistha,1,0
imma,6,0
care,51,12
rub,4,0
xin,5,0
nowadayslot,0,0
asked,19,6
trainners,1,0
chicken,4,0
boyfriend,1,0
Mileage,1,0
march,8,0
cheese,1,0
flying,1,0
LETS,1,0
nowstill,0,0
weekends,2,5
thoughtsI,0,0
stressed,1,0
uni,13,3
HmmBad,0,0
Eyes,2,0
Kindly,1,0
replacing,0,0
allalo,1,0
although,1,0
content,3,5
vilikkamt,0,0
forgets,1,0
miltaZindgi,0,0
remember,25,0
different,6,0
Wish,17,0
visit,9,7
neither,1,0
BOUTxx,0,0
andre,1,0
satsgettin,1,0
puttin,5,0
starti,4,3
forgt,1,0
BORED,1,0
Networking,2,0
mum,14,1
CAREFUL,1,0
location,2,5
Doggy,1,0
Reverse,2,0
heavily,1,0
brison,1,0
heltiniIyo,0,0
sory,4,0
Santha,0,0
combination,0,0
soo,35,0
golden,1,0
commit,1,0
Mom,3,0
IAS,2,0
everyone,10,1
Kate,8,0
AlaikkumPride,0,0
crossing,1,0
surely,5,0
LOCAXX,1,0
goal,1,2
bed,23,5
fire,1,0
MAN,6,0
smoked,1,0
refreshed,1,0
CHEER,4,0
cross,12,3
hypotheticalhuagauahahuagahyuhagga,1,0
pouch,1,0
drop,21,0
Purity,4,0
stores,1,0
min,174,35
foward,1,0
places,5,0
belong,2,0
Ohas,0,0
wuldnt,1,0
hill,10,0
bang,1,0
pride,0,0
europe,0,0
MATE,2,0
GOODFRIEND,2,0
astrology,0,0
babe,23,6
skinny,1,0
many,49,6
cheery,1,0
amx,0,0
identification,0,0
become,5,1
BEDROOMLOVE,0,0
calling,12,4
ivatte,1,0
absolutely,1,0
meRemove,0,0
ordered,1,3
stripes,1,0
stated,1,0
fav,8,0
beatings,1,0
Traditions,0,0
thanxxx,0,0
dinero,1,0
festival,1,0
everyday,1,0
grateful,1,0
accounts,0,0
fox,1,0
cochin,2,0
chinese,1,0
receive,5,32
Inever,1,0
teaches,2,0
blogging,1,0
connect,10,4
WORRIEDx,0,0
smarter,1,0
guilty,2,0
experience,1,0
PasswordsATMSMS,0,0
Yaxxx,1,0
hunting,1,0
claire,1,0
paper,9,2
manky,1,0
FONIN,1,0
PARTNERS,0,0
sleeping,8,0
concentration,1,0
Ttyl,2,0
People,2,0
sucker,0,0
group,6,0
chiong,1,0
hyde,1,0
hittng,1,0
management,3,0
sheets,2,0
Jez,1,0
Urgh,0,0
rajas,1,0
Spending,1,0
Salam,1,0
disappointment,0,0
keeping,6,0
always,46,0
aspects,1,0
finalise,1,0
addie,3,0
pai,34,1
wasted,1,0
LOCAL,1,0
oktake,0,0
Boooo,1,0
tog,19,0
india,1,0
asleep,4,0
fixed,5,4
TELL,7,0
asking,9,0
Erm,1,0
stupid,4,0
nobodys,0,0
Gosh,1,0
sex,10,16
Acnt,0,0
begun,1,0
Holding,1,0
MRNG,0,0
capital,1,1
affection,1,0
avo,12,0
Cribbs,1,0
days,27,23
stuffs,0,0
Cramps,1,0
Madamregret,0,0
nitros,0,0
outhave,0,0
Luckily,1,0
JULY,1,0
photoshop,0,0
WORRY,0,0
Haiyoh,0,0
HAPPY,9,0
Glad,4,0
actually,21,0
cricket,3,0
dha,1,0
tiny,2,0
leona,3,0
liquor,0,0
irulinae,1,0
Indians,2,0
bedrm,1,0
Kkthis,0,0
LIKELY,1,0
small,9,0
somewhereSomeone,1,0
kbut,0,0
thoughts,1,0
pract,8,0
Machan,1,0
doctors,0,0
annoying,1,0
conveying,1,0
youuuuu,1,0
Ambrithmaduraimet,0,0
stability,1,0
plan,50,0
dayswill,0,0
Yen,1,0
pls,26,7
nusstu,0,0
WOMEN,0,0
Lands,1,0
craziest,2,0
ALRITE,4,0
stranger,1,0
enuff,1,0
knackered,1,0
Although,1,0
newsBy,0,0
runs,3,0
chill,6,0
kalaachutaarama,0,0
interesting,1,0
ANAL,1,0
reminds,1,0
decades,0,0
NHS,1,0
told,52,0
writhing,1,0
FROMWRK,1,0
mark,6,2
roller,1,0
quarter,0,0
subletting,1,0
forevr,2,0
dabbles,1,0
hlday,1,0
jenny,1,0
presents,0,0
staring,2,0
white,2,0
WRKIN,0,0
mom,19,0
Wating,2,0
thot,2,0
dogg,3,2
heap,6,4
stayed,2,0
think,139,11
LUV,6,0
MIDNIGHT,1,0
SPUNOUT,0,0
hint,2,0
Studying,0,0
Yogasana,1,0
Real,9,0
directly,5,0
gon,71,1
AVENT,3,0
Ctagg,0,0
sooooo,2,0
Noits,0,0
excited,1,0
mei,1,0
magicalsongsblogspotcom,0,0
pixels,0,0
Shijas,3,0
bluray,1,0
pubs,1,0
sheet,4,0
HRS,1,0
Gaze,1,0
poortiyagi,1,0
indeed,1,0
wesley,2,0
knowing,3,0
citylink,1,0
singapore,1,0
drugdealer,1,0
MUCH,8,0
director,1,0
checkup,1,0
TOWNCUD,0,0
Congrats,6,2
grr,1,0
belongs,1,0
clash,0,0
remove,5,3
mini,3,1
puzzles,1,0
rough,4,2
Kkwhen,0,0
ahsen,0,0
boundaries,0,0
freezing,3,0
NAME,2,4
armenia,1,0
accordingly,0,0
Done,2,0
GIVEN,1,0
FANCY,1,0
dreamsMuah,0,0
develop,4,0
chuck,1,0
DREAMS,0,0
noise,1,0
Booked,2,0
win,56,47
castor,0,0
walls,2,0
mina,1,0
apology,1,0
JANX,1,0
avoid,5,0
Wat,47,0
confidence,1,0
Crying,1,0
sorting,3,0
strtd,1,0
hall,33,1
stars,1,1
yrs,2,3
Mountains,1,0
publish,1,0
trishul,1,0
giv,97,7
steamboat,0,0
computerless,0,0
chores,1,0
formallyPls,0,0
Wotz,1,0
Esplanade,1,0
together,16,0
snickering,1,0
tuition,2,0
radio,3,1
textbook,1,0
given,3,0
barcelona,0,0
joinedHope,0,0
carolina,1,0
Ofcourse,1,0
canlove,1,0
Bstfrnd,3,0
Juz,6,0
via,7,3
wonder,34,0
appreciated,1,0
ams,15,1
water,5,0
travelled,0,0
IDIOT,0,0
fucking,13,0
INR,2,0
paths,0,0
missunderstding,1,0
Life,7,0
exhibition,0,0
machiany,0,0
wlcome,1,0
Crazy,1,1
violence,2,0
cuck,1,0
Sarcasm,1,0
completed,2,0
waheed,3,0
Persian,1,0
Carlosll,0,0
candont,0,0
hostel,1,0
starshine,0,0
swashbuckling,1,0
takenOnly,0,0
Bye,0,0
hope,56,2
shower,8,0
flood,1,0
falconerf,1,0
frens,6,0
Stupidits,0,0
Black,2,1
cysts,0,0
Lil,1,0
BACK,6,0
DRUNK,0,0
fiendmake,0,0
telly,1,0
busyi,0,0
caller,6,2
iron,3,0
Sup,3,4
tuth,1,0
whillTake,1,0
ARR,2,0
Kkany,0,0
OKDEN,1,0
damn,2,0
frontierville,0,0
dates,2,1
putting,4,0
Wishing,5,0
blur,2,0
Money,1,1
Oyea,0,0
darlin,10,2
sugardad,1,0
mines,0,0
mag,15,0
complacent,0,0
hogidhechinnu,0,0
aeroplane,0,0
parchi,1,0
anythings,0,0
honest,1,0
ashes,0,0
practical,1,0
teacher,1,0
Confidence,0,0
WaitU,0,0
Question,1,0
brah,0,0
pix,2,0
JESS,2,0
ibuprofens,1,0
Allo,0,0
elliot,1,0
Sympathetic,1,0
brains,1,0
chikkuk,0,0
fml,0,0
PHONE,1,11
approved,0,0
twice,4,0
SHOWR,1,0
beers,1,0
batsman,0,0
lane,5,0
restWish,0,0
shld,4,0
farting,1,0
Saw,1,0
sitll,2,0
Guild,0,0
Usually,2,0
grinule,1,0
female,2,1
galno,0,0
kid,3,0
canada,1,0
dungerees,1,0
mummy,3,0
yetunde,1,0
sathya,1,0
ZOE,1,1
wrenching,1,0
izzit,1,0
raised,1,0
outside,15,0
Wed,1,2
goes,25,0
TASTS,1,0
univ,2,0
conform,1,0
absence,0,0
sunlight,0,0
medicine,1,0
peaceful,1,0
May,28,2
cupboard,1,0
corrupt,1,0
meummifyingbye,0,0
required,0,0
notice,3,3
happier,1,0
nightnobody,0,0
theres,2,0
lyrics,0,0
uniform,0,0
vikky,3,0
Year,7,2
Loved,1,0
sao,1,0
mah,5,0
fear,1,0
thinl,1,0
crushes,0,0
helloed,0,0
SmileD,0,0
vinobanagar,1,0
table,7,0
grave,2,0
really,65,1
Executive,2,0
steps,0,0
rhythm,1,0
Itsnot,0,0
Umma,1,0
understanding,3,0
cam,34,28
Waqt,1,0
non,4,2
collected,1,0
HouseMaid,0,0
SEENO,0,0
anyone,12,1
gdeve,0,0
Please,30,34
topic,1,0
tho,89,2
isLOVE,0,0
glo,4,1
flight,1,2
tickets,6,1
friend,64,6
census,0,0
Evr,5,0
approx,1,1
able,67,6
QUITEAMUZING,1,0
falling,2,0
nag,13,1
Serious,0,0
comfey,0,0
gone,13,0
sirs,0,0
Ill,9,0
ola,21,5
Probably,7,0
suppose,13,0
namemy,0,0
acting,3,0
msgsometext,0,0
shite,0,0
June,1,1
overheating,1,0
seat,2,0
SWEET,2,0
DISCOUNT,1,0
compromised,1,0
grace,2,0
Hiya,2,0
january,2,0
alreadysabarish,0,0
RANDOM,0,0
potential,2,1
BETTER,2,0
gas,17,0
groovying,1,0
nice,27,0
Lara,1,0
expiredso,0,0
Lots,1,1
hopefully,2,0
basqihave,0,0
kane,1,0
discount,1,9
TONIGHT,0,0
RED,5,1
RITE,5,0
forms,1,0
learn,6,2
pours,2,0
retard,1,0
faggy,2,0
huge,2,0
nurses,1,0
helens,1,0
befor,4,0
Laughing,2,0
LeafDayNo,0,0
slacking,0,0
Check,6,4
hilariousalso,0,0
team,5,1
contents,2,0
nydc,2,0
BATH,0,0
share,7,0
andrewsboy,0,0
jenne,0,0
cutting,2,0
hangin,5,0
best,28,5
Sthis,0,0
BABES,1,0
faber,1,0
early,27,1
imposter,1,0
chennaibecause,0,0
worc,1,0
weightHaha,0,0
Taka,1,0
dont,87,6
goverment,1,0
HUNLOVE,0,0
Lololo,1,0
kind,20,1
speling,1,0
conducts,1,0
Garbage,1,0
Mittelschmertz,0,0
See,19,10
deepak,2,0
Leannewhat,0,0
SHAME,1,0
todays,4,1
falls,2,0
survey,0,1
right,80,2
valentines,1,0
spot,1,0
ice,89,81
Yunny,1,0
JEN,4,0
special,31,13
shaved,1,0
bhaskar,0,0
nyc,2,0
Snd,1,0
couch,0,0
flirt,2,3
selling,3,1
andor,0,0
Buzzzz,0,0
naked,1,1
Sankranti,1,0
register,4,5
mirror,1,0
invited,6,5
msgs,4,2
Afternoon,1,0
xxx,22,4
Disconnect,2,0
wanting,3,0
series,3,0
orange,2,2
SenderName,0,0
vegas,1,0
bloke,1,0
affairs,3,0
Wherevr,0,0
Men,2,0
james,1,0
seemed,2,0
sariyag,1,0
Shahjahans,0,0
spin,1,0
collect,7,28
EVERYTHIN,1,0
BUTTHERES,1,0
APRIL,0,0
choose,7,3
MADE,2,0
review,1,4
glands,1,0
natuition,0,0
since,20,2
cup,8,0
possessive,1,0
Nic,6,0
restUWud,0,0
contented,1,0
pages,2,0
audreys,0,0
french,1,0
accordin,1,0
relaxing,1,0
FRMCLOUD,1,0
rebooting,1,0
affair,3,0
hurts,5,0
youll,0,0
Got,22,3
swell,1,0
babes,1,2
would,60,1
permanent,1,0
pressies,1,0
hundred,2,0
Omw,1,0
luv,17,0
hun,13,2
TOME,1,0
Easy,4,0
aproach,2,0
Ooh,0,0
suply,1,0
BUDDY,0,2
cousin,1,0
bleak,0,0
streetshall,0,0
zac,1,0
PUTTIN,1,0
mad,37,1
kicks,2,0
fiting,1,0
Collect,1,1
Apparently,1,0
Earth,0,0
raping,1,0
justthought,1,0
Becaus,1,0
Pest,1,0
auto,4,0
dancing,2,0
buzz,4,0
mee,98,6
unhappiness,0,0
lodge,1,0
heaven,1,0
vewy,1,0
gooddhanush,0,0
south,8,0
wife,6,0
rugby,1,0
macleran,1,0
ghodbandar,1,0
pocay,1,0
ploughing,1,0
pack,3,3
kanoanyway,0,0
outfor,1,0
BMW,3,0
EVER,4,2
running,4,1
neededSalary,0,0
mack,1,0
royal,2,0
excellent,2,0
UIN,1,0
somtimes,1,0
granted,1,0
MESSAGE,1,2
Sorryin,0,0
channel,0,0
WEREBORED,0,0
wicked,0,0
motive,1,0
Crucify,1,0
minimum,1,0
tongued,1,0
Youd,0,0
bellearlier,1,0
coughing,1,0
improve,2,2
noe,16,0
unknown,2,0
sch,38,0
agalla,1,0
delivery,0,13
cresubi,0,0
timehope,0,0
responcewhat,0,0
WOT,6,0
frm,10,0
ring,91,25
Anyone,1,0
biolas,0,0
convey,7,0
natwest,0,0
strain,1,0
matric,1,0
FIELDOF,1,0
heavy,5,0
slave,4,0
took,18,0
cedar,1,0
bloo,6,0
aint,11,0
meets,2,0
stressful,0,0
chance,8,21
pen,98,5
pthis,1,0
LEKDOG,1,0
weirdest,2,0
palm,0,0
ISH,5,0
Callers,0,0
pending,5,0
Ciao,0,0
size,3,0
Consider,1,0
Deeraj,2,0
registered,4,3
shipping,2,0
teaching,1,0
moments,3,0
doug,3,0
daal,0,0
BANG,1,0
COUNTINLOTS,1,0
map,3,0
kissing,0,0
Theoretically,1,0
starts,4,2
Woman,1,0
himthen,0,0
irritating,1,0
Dat,4,2
sake,1,0
forgotten,2,0
nicky,1,0
cartons,1,0
FREE,1,87
secretary,1,0
motorola,2,0
quality,3,2
MESSED,1,0
surname,1,0
begging,2,0
cannot,3,0
Grazed,1,0
misfits,1,0
discussed,1,0
SWAN,1,0
tooLets,0,0
rush,3,0
command,0,0
woah,0,0
apply,3,14
rimac,1,0
stone,3,0
Sfine,0,0
enjoyed,2,2
gibbs,0,0
SleepwellampTake,0,0
radiator,0,0
GIRL,2,2
VIA,1,0
jaykwon,1,0
okthenwhats,0,0
thursday,2,0
pop,6,0
ago,8,0
finished,17,0
hundredhe,0,0
BABEPROBPOP,0,0
Japanese,2,0
dance,3,0
snatch,1,0
bcums,4,0
SirSalam,0,0
Fancy,1,5
deer,1,0
WOMAN,1,0
Maintain,3,0
Desires,0,0
dismissial,1,0
glad,4,0
collegexx,0,0
playing,5,0
poker,1,0
signing,1,0
themed,1,0
beneath,2,0
east,14,0
Fyi,2,0
person,37,2
mel,6,0
hurry,2,1
heard,8,3
AVE,7,1
GURL,1,0
tallahassee,1,0
cheek,1,0
step,3,0
selected,2,25
argh,1,0
Apnt,1,0
houseful,1,0
Keris,1,0
shades,0,0
edition,0,0
Dave,1,2
vikkyim,0,0
bagi,0,0
musthu,2,0
Everytime,0,0
lost,8,0
dudes,1,0
TAJ,1,0
gorgeous,2,0
afford,1,0
leu,0,0
apt,13,0
causing,2,0
worry,14,0
PLEASSSSSSSEEEEEE,1,0
morphine,2,0
Bugis,1,0
beloved,2,0
Hidid,0,0
Chk,1,0
Long,3,0
Swtheart,3,0
Geelater,0,0
careumma,0,0
driver,0,0
Prey,0,0
pulls,1,0
thurs,4,0
snow,9,0
WeLL,1,0
soon,30,0
pisces,0,0
possessiveness,1,0
buff,4,0
LUSH,0,0
neglet,0,0
lifting,1,0
supports,1,0
hurried,2,0
Suganya,0,0
Opinion,0,0
meh,1,0
copies,0,0
leads,1,0
fixes,1,0
nuerologist,0,0
APPY,10,0
truly,1,3
Jen,3,0
toyota,1,0
caken,0,0
TEX,4,10
sun,25,1
priscillas,0,0
Spiral,1,0
replace,3,0
cum,14,4
eggpotato,0,0
spoke,8,0
gving,2,0
finds,1,0
Nooooooo,2,0
virgils,0,0
talk,46,4
Sprint,1,0
Cannot,1,0
def,14,1
texas,1,0
lips,1,0
involve,2,0
txting,1,9
slovely,0,0
acc,30,9
course,9,0
Hahatake,0,0
cheers,0,0
freedom,2,0
BTHERE,0,0
flaky,2,0
splendid,1,0
true,9,1
CAUSE,2,0
ideas,1,0
canal,0,0
everybody,2,0
Annoying,1,0
scenario,1,0
test,23,39
phrase,1,0
event,6,0
lei,6,0
term,6,5
weathers,0,0
thangam,1,0
mode,11,0
Prepare,3,0
strips,1,0
GOWER,1,0
AfterNoon,0,0
WORK,7,0
Squeeeeeze,0,0
aftr,3,0
Katexxx,1,0
Whatsup,2,0
Eek,1,0
orc,21,1
lavender,0,0
darlinim,0,0
SWITCH,1,0
leftovers,1,0
weds,1,0
slob,0,0
Contact,1,0
sack,5,0
YEST,1,2
occur,2,0
ITxx,0,0
eatin,12,0
sitter,1,0
Lemme,2,0
Pity,0,0
general,4,0
fri,86,6
BEGIN,2,0
Fighting,3,0
thts,2,0
darling,3,2
recorded,1,0
Sorry,51,1
Take,20,0
Live,3,3
Dear,26,16
THASA,1,0
wat,101,1
Sir,2,1
stocked,2,0
dad,23,0
pickle,2,0
software,3,0
DEF,2,0
matra,1,0
watchng,1,0
njan,1,0
hungry,7,1
apologetic,0,0
Oooooh,1,0
INFORM,1,2
finish,53,0
alternativehope,0,0
cheaper,2,0
Franxx,1,0
taxes,1,0
Waiti,6,0
pros,3,0
History,1,0
REBEL,0,0
Thank,46,14
Tomorrow,2,1
TONITE,1,0
world,19,1
whn,2,0
jontin,1,0
Den,8,0
mapquest,1,0
achanammaRakheshQatar,0,0
Multiply,1,0
olowoyey,0,0
MONKEESPEOPLE,1,0
frnds,13,0
Poyyarikaturkolathupalayamunjalur,0,0
HARD,2,1
increase,1,0
Bit,4,0
hesitate,0,0
motivating,1,0
Wah,1,0
beautiful,10,0
Aah,1,0
Zogtorius,0,0
Better,4,0
NIGHT,8,0
Indyarockscom,0,0
ors,18,1
childs,0,0
restocked,1,0
Waste,1,0
uncut,1,0
man,106,16
outfit,0,0
shake,1,0
Sen,24,20
ran,58,58
MsSuman,0,0
invitation,1,0
LATE,3,0
laurie,1,0
watching,22,0
Aaniye,1,0
Idk,1,0
officestill,0,0
serving,0,0
tick,13,2
groundamla,0,0
homeBut,0,0
ENC,4,0
activate,1,1
Already,3,0
write,10,0
minus,1,0
postponed,0,0
LOT,3,1
albumquite,0,0
exe,4,0
percentages,0,0
Tas,0,0
Excellent,1,0
HOSPITAL,1,0
Normally,1,0
Miles,1,0
English,1,0
protect,2,0
bites,1,0
holla,6,0
useless,1,0
nearly,2,1
somewhere,10,0
Hhahhaahahah,1,0
bribe,1,0
watevr,1,0
timedhoni,0,0
WEDLUNCH,0,0
maths,1,0
conditionand,0,0
feel,71,2
diff,22,0
double,3,1
possibleHope,0,0
gotta,10,0
pierre,1,0
faultal,0,0
Thts,2,0
realised,1,0
turkeys,0,0
muz,6,0
siguviri,1,0
SHESIL,2,0
GOSSx,0,0
Hmmmy,0,0
calld,2,0
downstem,1,0
kodthini,0,0
skyving,1,0
photo,8,3
cheating,0,0
countin,3,0
scream,8,0
DOCKS,0,0
haha,4,0
belive,2,0
degree,0,0
Valentines,5,2
savings,0,0
tis,9,4
lies,3,1
Infact,1,0
fucked,1,0
tonitebusy,0,0
pieces,3,0
Moral,2,0
Exam,1,0
Mornings,1,0
vibrator,1,0
arm,19,2
INSTEAD,0,0
wed,15,4
Wewa,1,0
korte,1,0
LONG,3,0
academic,1,0
dsnt,0,0
Midnight,1,1
genius,1,0
Ure,0,0
Kanagu,1,0
intrude,1,0
assessment,1,0
ITNOW,0,0
SMILEY,1,0
iti,69,40
bot,10,0
politicians,0,0
Person,9,0
Trust,2,0
landing,1,0
