spam_word,sword_count,hword_count
living,1,2
band,1,6
DAY,4,15
VCo,1,0
XXXXX,2,0
girls,4,7
Congratulations,12,1
landline,7,2
direct,8,8
Arcade,2,0
packs,2,0
bonus,2,0
SAM,2,1
wants,1,20
iscoming,2,0
Admirer,2,0
following,5,2
BTnational,0,0
Cant,4,5
password,3,4
EVE,6,9
scallies,0,0
Rental,2,0
subscribers,1,0
WRC,2,0
contact,61,13
tariffs,2,0
wid,5,15
Messages,2,0
DAYS,0,1
httpdoit,0,0
expiry,0,0
Age,2,0
two,26,29
instantly,1,2
Inclusive,1,0
British,2,0
yoHere,0,0
London,4,1
Todays,16,0
shows,31,4
ladiesU,0,0
Jeri,1,0
YESTERDAY,2,0
collection,11,0
jamster,1,0
died,1,2
Stockport,0,0
ENJOY,1,2
class,1,25
Hardcore,1,0
posh,1,0
LIFE,1,2
renewed,1,0
Del,16,3
tkts,4,0
cnl,1,0
book,3,34
Jordan,0,1
Records,1,0
SPTV,1,0
hear,6,56
Sept,3,0
proze,1,0
arrive,6,1
UpgrdCentre,1,0
END,7,14
mates,5,6
getstop,2,0
sounds,1,5
erotic,1,0
DoubleMins,1,0
records,3,0
messagesText,0,0
Points,0,0
Available,2,1
Travel,2,0
profit,3,0
loan,0,5
Bin,1,0
LOG,2,0
previously,3,0
Buy,3,2
Scoring,2,0
httptms,0,0
FreeMSG,1,0
join,11,16
first,5,35
LookAtMe,0,0
UpdateNow,0,0
Natalja,2,0
forget,2,15
Nokia,43,1
Quiz,7,0
Messaging,2,0
reschedule,0,0
Ever,2,12
WEEK,1,1
polyPH,1,0
Select,0,0
dream,1,11
Someone,7,3
breaks,1,0
videosound,1,0
Brought,1,0
LtdHelpDesk,0,0
downloaded,1,1
pleased,3,3
contacted,5,0
landmark,0,0
DPS,0,1
play,20,31
Dozens,1,0
Txt,66,4
Guaranteed,1,0
kickoff,0,0
prods,1,0
Rreveal,0,0
Videophones,5,0
PushButton,1,0
nights,2,1
DONATE,1,0
MARSMS,0,0
Pls,3,58
wallpaper,2,0
else,0,14
repeat,0,2
USER,1,0
previous,4,2
Book,2,3
EuroDisinc,2,0
Big,0,1
post,6,23
Foley,2,0
membership,2,1
pdateNow,0,0
Hottest,1,0
recdthirtyeight,0,0
action,2,6
wwwclubmobycom,0,0
Want,10,6
voicemail,0,0
Bored,3,0
charges,2,2
Police,1,3
Queries,1,0
Arrow,1,0
set,5,31
RIGHT,1,1
blonde,0,0
housewives,0,0
ADAM,2,0
Ringtones,1,0
MAT,5,3
subscriptions,0,0
Freeentry,1,0
various,1,2
largest,4,0
lonely,0,3
envelope,2,0
etc,8,10
gaytextbuddycom,0,0
mre,1,0
OptOut,2,0
logos,1,0
billed,3,0
reply,60,16
phone,40,65
ringtone,20,0
UKs,2,0
SPOOK,3,0
Order,2,0
attempt,21,2
Strip,1,0
star,11,49
Hot,4,0
waiting,20,28
smashed,1,1
LISTENING,1,0
SPECIAL,4,1
EASTENDERS,2,0
shop,5,28
Pro,6,8
due,1,4
Sara,1,0
Helpline,2,0
Hol,22,3
kiosk,0,0
SUBPOLY,3,0
SPORT,1,1
nowSend,0,0
bundle,1,0
parties,0,0
INFORMATION,2,0
may,7,46
removed,1,0
Panasonic,1,0
Pin,2,0
games,4,0
Future,1,1
visionsmscom,0,0
receivea,2,0
Blind,1,0
SUPER,1,0
chart,2,0
Nyt,0,0
cameravideo,0,0
Last,9,7
minded,1,1
accessible,0,0
cool,0,11
XCLUSIVECLUBSAISAI,0,0
Polys,0,0
animation,1,1
names,2,1
Algarve,2,0
youre,0,2
MFL,0,0
Nasdaq,2,0
ever,35,174
RECD,1,0
SHOW,2,1
tune,1,6
XXUK,1,0
free,51,48
meal,1,3
Verify,1,0
GRAVEL,1,0
posts,1,0
hot,14,21
biggest,3,1
INTERFLORA,1,0
Manchester,0,0
filthy,1,0
Ice,1,0
Wkly,4,0
evening,0,17
gigolo,0,0
christmas,1,4
upto,2,2
Georges,0,0
comes,3,14
nokias,1,0
OPT,2,0
simply,1,2
Msg,9,4
BABE,1,7
try,43,63
EXORCIST,0,0
sale,2,3
SplashMobile,0,0
httpcareers,0,0
married,1,3
maybe,2,15
Bought,1,0
late,28,141
Mobiles,6,0
access,5,2
artists,0,0
missing,1,13
Holder,1,0
Rodger,1,0
rates,9,1
canname,1,0
club,5,1
Eerie,2,0
menu,1,4
SPIDER,1,0
Feb,1,2
LIVE,8,0
CHATLINES,1,0
dogging,2,0
nokia,5,2
lines,2,3
OFFICE,1,0
bringing,1,3
Eve,3,29
secret,10,5
VPOD,1,0
season,1,3
Uptown,0,0
LOST,2,0
still,6,127
end,101,276
lionm,2,0
deepest,1,0
picture,1,5
guarantee,26,0
cancel,4,3
tgxxrz,1,0
fact,0,10
much,1,77
smart,1,3
important,7,10
reach,5,40
key,2,15
TAKE,1,2
LISTEN,1,0
City,3,0
Lowcost,0,0
wanna,4,22
Update,10,1
wkend,1,1
charge,14,10
Termsapply,1,0
MTALK,2,0
freesend,0,0
disaster,1,1
CDGT,2,0
Zebra,1,0
Subscriber,2,0
Email,1,0
msgticketkioskValid,0,0
surprise,2,5
PlanetTalkInstantcom,0,0
nos,2,4
shot,1,2
nowSKY,0,0
Tour,0,0
stories,1,0
hours,5,12
News,0,0
Woods,1,0
order,18,9
FANTASY,2,0
afraid,1,3
MIN,2,7
Somebody,2,2
continued,1,0
tonights,2,0
EXTREME,1,0
costs,1,1
game,6,7
completely,1,7
great,5,68
begin,0,3
Golf,1,0
Close,2,0
Dial,1,0
vid,26,4
Psychic,0,0
txtin,13,1
chatting,0,1
Speak,4,12
shagged,2,0
sufficient,1,0
tones,15,0
weekly,20,0
wildest,1,0
advisors,1,0
prize,45,0
error,1,1
wallpaperall,0,0
ONCALL,0,0
textoperator,2,0
future,3,1
wwwsmsconet,0,0
Rayman,1,0
PopcornJust,0,0
Code,4,0
baby,1,12
recorder,1,0
folks,1,0
restrictions,0,0
UNLIMITED,6,0
Plyr,0,0
bedroom,1,5
website,0,1
Break,5,0
message,26,43
End,0,0
sport,3,5
Promotion,1,0
lionp,2,0
availa,2,10
ecstacy,0,0
MIX,1,0
DATE,3,1
DIS,2,1
THEMOB,1,0
colours,0,1
starting,3,4
refundedThis,0,0
Btooth,0,0
mobiles,7,0
giving,1,9
Incorrect,0,0
Registered,1,0
Twinks,0,0
say,1,117
httpwap,0,0
hotel,3,4
faster,1,3
come,9,211
Heroes,0,0
cinema,3,2
Jersey,1,0
tried,17,5
CARD,3,2
Dont,5,34
UnSub,1,0
THNQ,1,0
meet,6,98
textsweekend,0,0
address,4,9
mistake,1,6
prebook,0,0
urgent,5,2
Saturday,0,0
fancy,4,3
Secret,2,0
news,6,8
male,2,3
agent,1,1
country,4,0
cust,40,6
better,0,29
KEEP,2,1
txtX,1,0
Press,3,5
THERES,0,1
lets,1,8
SPAM,1,0
cock,0,2
TXT,6,2
feeling,2,15
fans,1,0
Urgent,6,0
BTnationalrate,0,0
txts,8,0
Stereophonics,0,0
dining,1,0
Search,2,0
Freemessage,0,0
MEMBERS,2,0
numbers,9,2
December,5,0
FREERingtone,0,0
auction,3,0
LOVE,2,22
Reminder,0,0
Choose,6,0
OTBox,1,0
Give,2,5
logopic,0,0
RECPT,1,0
Yahoo,0,0
look,13,55
Drinks,2,0
horniest,1,0
Jamz,1,0
Unsub,7,0
pay,2,33
BBC,1,0
pounds,17,2
sing,9,57
even,6,62
LADIES,1,0
old,7,101
Barbie,0,0
prompts,0,0
opinions,0,1
awaiting,5,0
Marvel,1,0
Information,1,0
see,11,144
Football,2,0
eve,46,258
claims,2,0
readers,0,0
DontCha,1,0
brings,1,4
Click,2,0
Starting,1,0
XxX,2,0
condition,3,1
chatter,0,0
however,1,6
Triple,1,0
someone,7,32
challenge,1,1
cost,12,7
ENTRY,1,0
olympics,0,0
rcd,1,0
Free,42,4
wedding,1,2
gold,2,2
Phone,4,2
Girl,0,1
women,1,1
Ave,2,1
Moons,0,0
fun,11,25
alone,3,10
Auction,4,0
FREENokia,0,0
concert,1,1
mono,3,0
XXXMobileMovieClub,0,0
darkest,1,0
deck,1,0
sexual,1,0
POD,6,0
Canary,2,0
kick,2,8
rooms,1,4
text,81,69
knickers,1,0
Hey,5,73
money,2,36
chat,21,10
yesterday,0,8
specialcall,0,0
Slow,1,1
anonymous,1,0
QuizWin,0,0
NGage,0,0
getting,4,42
Flight,1,0
wwwtklscom,0,0
moby,1,0
Islands,2,0
IThis,0,0
enough,1,21
mytonecomenjoy,0,0
replies,1,0
god,0,9
Marley,0,0
wkTXT,0,0
ASAP,0,2
processed,0,1
seem,1,13
ave,10,136
PLS,0,0
sexiest,1,0
Cash,4,0
PICS,1,0
WELL,2,5
help,4,26
log,10,16
Come,1,15
badass,1,0
EVERY,1,1
back,21,88
JordanTxt,0,0
Amanda,1,0
STOPCS,1,0
Hols,0,0
compare,2,0
video,22,2
fast,3,11
HOT,6,0
mobile,80,13
prizes,2,0
career,1,2
Wet,1,0
responding,1,2
GIV,1,6
Tel,5,27
Space,2,1
snappy,1,0
Missed,1,1
done,2,22
Price,5,1
guys,3,29
luxury,2,0
Flirt,0,0
FILTH,1,0
Symbol,2,0
issues,2,2
ONTO,2,0
Special,0,0
ABTA,3,0
MMSto,1,0
SWAP,1,0
XMAS,6,0
randy,0,2
newest,3,0
maximum,1,0
colour,15,5
banned,1,0
Ive,0,1
Phoenix,2,0
adult,3,2
subscription,3,0
Bad,1,4
immediately,5,2
ONE,31,12
lucky,6,5
simple,1,3
Sale,0,0
theredo,0,0
valid,3,0
margin,1,0
RSTM,0,0
number,34,41
flowers,1,0
CREDIT,1,1
charged,10,1
live,40,19
sports,1,1
Try,2,3
Barry,1,0
postcode,3,0
refused,0,0
dob,1,1
slower,1,0
LOTR,1,0
wks,1,0
tell,15,106
around,2,48
link,6,4
fancies,3,0
RALLY,2,0
Kath,0,0
PIX,2,0
CHAT,17,1
Movie,1,0
Xmas,8,3
Echo,1,0
yet,1,20
round,3,55
smsshsexnetUN,0,0
opt,12,4
MEGA,1,0
complementary,1,0
Asian,1,0
claimcode,1,0
PARK,1,0
GENDER,2,0
str,5,39
upload,2,2
TEXTS,0,0
Ldn,2,0
GoldDigger,1,0
ROSES,1,0
per,68,98
Tell,3,24
Good,8,67
United,1,0
wwwsantacallingcom,0,0
BONUS,3,0
enter,15,14
years,4,12
want,18,184
flirting,1,1
Male,2,0
BILLING,0,0
Spook,2,0
Moby,2,0
compensation,1,0
received,2,1
Jst,1,3
GHOST,0,0
daily,0,1
camcorder,6,0
Mailbox,2,0
BRAND,2,0
changed,0,6
wordCOLLECT,0,0
ADDAMSFA,0,0
REALITY,2,0
avble,0,0
charts,1,0
Boys,1,0
ripped,1,0
lingerie,1,0
Calls,5,0
High,2,0
take,16,107
Tsunami,1,1
REAL,5,8
Claim,30,0
purchase,3,2
freefone,3,0
yards,1,0
wwwIdewcom,0,0
Subs,5,0
nat,8,18
Theres,0,0
internetservice,0,0
features,1,0
REVEAL,2,0
garden,2,0
held,0,1
chg,2,0
SNAP,1,0
Club,4,0
cops,1,0
Music,3,0
companies,1,0
borin,1,2
support,2,9
NUMBER,0,1
credited,1,3
wwwmusictrivianet,0,0
nasty,1,1
warm,2,4
Netcollex,4,0
msgsubscription,0,0
pause,1,0
EXP,2,1
November,1,0
send,47,110
place,5,53
stop,35,27
email,1,9
WANT,1,5
door,1,7
super,2,5
uks,0,1
leave,2,53
call,181,247
gbpsms,0,0
TheMobHit,0,0
REPLY,1,0
TheDailyDraw,0,0
POLYS,0,0
cashto,2,0
Uve,1,0
NYUSA,0,0
IBH,5,0
hava,1,0
SPJanuary,1,0
open,1,18
dept,0,0
TMobile,0,0
competition,3,2
ROMCAPspam,1,0
contract,3,1
voucher,22,1
MOBNO,2,0
wwwtelediscountcouk,0,0
connection,1,5
give,6,88
FreeMsgFAV,0,0
wait,39,80
del,19,16
nowTCs,0,0
Dates,1,0
DoubleTxt,1,0
Motorola,5,0
offers,10,1
box,3,7
delTOMORROW,1,0
XCHAT,0,0
buddys,0,0
Message,3,1
sparkling,1,0
going,1,136
land,31,8
soundtrack,1,0
row,12,70
POBox,10,0
donate,1,0
fit,4,4
minAPN,1,0
tons,1,3
Next,2,1
Player,2,0
could,9,47
satisfy,2,0
half,5,26
rentl,10,7
Hungry,1,0
music,1,5
subscribe,21,0
RING,4,2
sort,1,17
Costs,2,0
linerental,2,0
SERVICES,1,0
Panther,1,0
miss,9,89
skins,1,0
wwworangecoukow,0,0
valued,11,0
wap,1,0
TWILIGHT,2,0
Dload,5,0
horny,6,0
guaranteed,25,0
Join,6,0
loads,4,9
Australia,0,0
GENT,4,1
January,2,0
arrange,2,4
becausethey,1,0
Call,138,24
login,1,2
TRY,2,2
MINS,0,0
account,3,14
mjzgroup,0,0
private,2,1
Years,2,1
time,28,162
correct,3,4
TCsC,0,0
lots,1,15
singles,4,0
Mandy,1,0
TCLLC,0,0
GIRLS,1,1
verify,0,1
film,3,7
hubbys,0,0
Dream,2,0
mobs,1,0
thinks,10,3
NTT,10,0
heart,0,24
whose,1,1
filthyguys,0,0
coincidence,0,0
prescripiton,1,0
Txts,1,0
Whats,1,4
IMPORTANT,3,1
WWWASJESUSCOM,0,0
wwwcashbincouk,0,0
ENGLAND,3,0
cast,1,4
CHITCHAT,0,0
suppliers,0,0
toilet,1,0
dartboard,0,0
quiz,2,1
lastest,1,0
ending,10,15
unlimited,3,2
Jamster,0,0
goalsteam,0,0
FreeMsg,5,0
leadership,1,0
ACTION,2,0
deluxe,1,0
Number,0,0
Arsenal,1,0
Linerental,2,0
Reference,1,0
sign,1,10
calls,3,11
wwwSMSacugoldviking,0,0
Poly,4,0
transferred,1,0
unique,2,1
shag,2,0
increments,0,0
norm,2,10
AUCTION,4,0
secretly,2,0
web,2,2
Beware,0,2
Day,4,1
Sat,2,3
Aberdeen,0,0
peak,10,24
accommodation,1,0
home,1,104
friends,1,37
VILLA,1,0
camera,18,2
BAILIFF,1,0
Draw,1,1
question,5,18
Alfie,1,0
lnly,1,0
Helen,0,0
TextOperator,1,0
httpwwwwtlpcouktext,0,0
Videos,1,0
Vote,0,0
one,136,352
iPOD,1,0
area,5,6
tone,50,3
Teletext,1,0
Shopping,4,2
Cornwall,2,0
TEXTPOD,2,0
YES,13,1
Final,3,3
httpwwwetlpcoukreward,0,0
nownyt,0,0
Pub,2,0
WIN,17,0
station,1,3
WILD,1,0
Someonone,1,0
maximize,7,0
Thurs,1,2
wish,0,44
speak,6,12
httpwwwbubbletextcom,0,0
services,11,1
notifications,0,0
Romantic,1,0
reference,3,4
thought,1,38
MQUIZ,1,0
Team,0,0
porn,0,1
drvgsTo,1,0
Shinco,1,0
computer,5,5
weekend,9,12
txt,77,9
BIG,1,0
masked,1,0
Randy,0,0
Box,34,0
find,18,48
SmartCall,1,0
Ben,1,1
CASH,10,0
HTTPWWWURAWINNERCOM,0,0
funky,1,1
winner,10,0
types,1,0
work,28,95
quote,1,3
things,2,34
backdoor,1,0
alfie,2,0
msg,16,40
credits,4,0
couple,1,12
Warner,1,0
BLOKE,1,1
real,11,97
dialling,1,0
skills,1,0
vary,5,0
service,54,3
Games,6,0
custcare,7,0
recd,0,0
Mystery,1,1
supply,3,0
Freemsg,0,0
Hlp,2,0
BabyGoodbye,1,0
JSco,0,0
NICHOLS,1,1
Logon,1,0
stopCost,1,0
Suite,2,0
rental,10,0
footy,1,0
Filthy,1,0
WinnersClub,1,0
flag,4,0
five,3,2
SmithSwitch,0,0
Married,1,0
benefits,0,1
information,4,2
Handset,0,0
New,15,16
allow,4,4
Liverpool,3,0
stolen,0,0
Well,2,33
BOX,15,0
DUE,1,0
complimentary,12,0
Youve,0,0
loyal,2,0
straight,2,3
fone,12,3
Landline,5,0
top,59,48
guess,1,24
Ringtone,5,0
SPTyrone,0,0
passes,1,0
chaps,1,0
PRICE,1,0
floppy,0,0
discreet,2,0
busy,2,12
paid,1,6
Paris,0,0
messages,6,6
conacted,1,0
people,3,38
professional,1,0
care,12,51
FIFA,1,0
gprs,1,0
asked,6,19
Sony,10,1
TXTAUCTION,1,0
videochat,5,0
fall,1,8
high,1,3
Usher,2,0
Westlife,2,0
resubmit,1,0
response,1,2
Sol,7,4
wordSTART,0,0
INC,2,2
Msgs,2,1
specially,9,7
weekends,5,2
VIDEO,1,0
costing,2,0
doubles,1,0
sending,2,8
Win,16,6
content,5,3
TsandCs,2,0
DOT,2,0
WINNER,0,0
TxtNO,2,0
BAHAMAS,0,0
user,4,3
Network,2,2
Polyphonic,1,0
beg,1,7
award,45,1
visit,7,9
Large,1,0
conditions,2,0
Sam,1,0
champneys,0,0
xafter,1,0
Txting,1,0
advise,3,0
August,1,0
receipt,3,2
teenager,1,0
airport,1,4
Boltblue,1,0
Loyalty,4,0
delivered,2,0
Tenerife,7,0
TONE,13,0
RCT,0,0
SHIT,0,2
colourredtextcolourTXTstar,0,0
Cost,25,0
SPECIALE,1,0
within,7,6
birds,1,3
mgs,1,0
ansr,4,0
Enjoy,5,8
made,1,25
widelivecomindex,0,0
SPEEDCHAT,1,0
wwwtextpodnet,0,0
BBDELUXE,1,0
willing,1,5
AREA,0,0
Camera,4,1
Need,3,6
wwwtxttowincouk,0,0
Youre,0,0
dirtiest,1,0
Refused,1,0
Vatian,1,0
Jackpot,0,0
WOW,0,0
TBSPERSOLVO,0,0
everyone,1,10
details,7,13
CRAZYIN,0,0
goal,2,1
final,12,12
company,0,10
Henry,1,0
HARRY,0,0
trained,1,0
WeddingFriend,1,0
SkilGme,0,0
available,1,10
MUNSTERS,0,0
renewing,1,0
CDs,5,0
fantastic,3,3
cross,3,12
arsenal,1,0
youve,0,0
speed,1,4
fgkslpoPW,1,0
httpwwwetlpcoukexpressoffer,0,0
java,5,0
sang,1,0
DVD,6,0
Pics,1,1
Santa,2,0
BROTHER,1,0
min,35,174
pound,19,5
keyword,1,0
ans,17,76
listen,1,13
girl,6,26
retrieve,2,0
PocketBabecouk,0,0
RECEIVE,3,0
sell,1,13
subscrition,1,0
babe,6,23
brought,1,2
include,0,2
many,6,49
iPod,6,0
leading,1,0
upgrade,3,0
Delivery,6,0
become,1,5
calling,4,12
Birthday,0,3
ordered,3,1
last,5,58
Spanish,2,0
celeb,0,5
Ufind,0,0
OfferThe,0,0
pic,16,98
original,4,1
prem,3,0
fixedline,2,0
Britney,0,0
Bonus,15,0
JSCO,1,0
RingtoneFrom,0,0
LDN,4,1
MONOC,1,0
fones,0,0
receive,32,5
Barkleys,1,0
local,4,0
followed,2,1
connect,4,10
Hubby,1,0
VALENTINES,0,0
textand,1,0
polyH,2,0
MSGWe,0,0
Virgin,1,0
movie,0,16
TXTAUCTIONTxt,0,0
receiving,2,2
Adult,1,0
Delivered,2,0
Divorce,0,0
Rock,1,0
Unsecured,0,0
Dogging,6,0
STOPBCM,1,0
Sex,4,1
subscriber,2,0
POBOX,6,0
app,20,153
four,1,2
Plus,1,9
PICK,2,2
REMINDER,1,0
xxSP,1,0
GBP,1,0
AkonLonely,0,0
World,1,2
Summer,4,0
offer,18,6
card,1,13
info,12,9
SING,1,0
Expires,17,0
StrongBuy,0,0
SWAT,1,0
Credit,0,0
amazing,3,0
TONEXS,1,0
CHANCE,3,1
GAME,0,0
Energy,1,0
Single,1,2
ten,10,56
fixed,4,5
Awarded,1,0
CocaCola,0,0
connected,1,1
Terms,5,0
REWARD,2,0
PARIS,1,0
official,5,3
VIP,3,0
credit,8,6
Chart,1,0
Would,3,5
sex,16,10
RTKIng,0,0
ASKED,1,0
match,11,3
COLLECT,4,0
Vouchers,4,0
Europe,1,0
joined,2,4
capital,1,1
landlineonly,1,0
word,17,27
purpose,4,0
days,23,27
Wicklow,0,0
Knock,1,0
song,3,10
pence,3,0
Sullivan,1,0
digital,1,0
get,54,352
FREEMSG,0,0
ppm,4,0
superb,1,0
holiday,10,8
tells,2,3
stoptxtStop,0,0
TryWALES,0,0
cash,43,10
XXXX,3,0
SOIREE,1,0
Pound,4,0
Cust,13,5
RINGSRETURN,0,0
Racal,0,0
Colour,2,0
JANE,1,0
indicate,2,0
resub,1,1
never,1,43
wwwflirtpartyus,0,0
Kick,1,0
MOAN,1,0
Vodafone,4,0
wwwSMSacubootydelious,0,0
Adrian,1,0
CANCEL,1,0
pls,7,26
GOING,3,1
offering,1,0
logosmusicnews,0,0
charity,3,0
HORO,1,0
started,1,16
customersqueriesnetvisionukcom,0,0
latest,27,1
inforingtonekingcouk,0,0
blow,2,3
goto,4,2
chgs,1,0
results,3,2
bulbs,2,0
Complete,1,0
Slide,1,0
Channel,1,0
Goto,1,0
thousands,1,1
eye,2,6
questions,2,5
wwwgambtv,0,0
randomly,2,1
wwwldewcom,0,0
topped,1,4
Latest,10,0
goldviking,1,0
Red,1,1
Ibiza,4,0
Hoody,1,0
worlds,1,1
FIRST,1,1
onto,5,0
rude,3,1
subs,26,1
created,1,4
fink,1,0
holder,1,0
Macedonia,1,0
wwwApplausestorecom,0,0
Colin,1,0
Remove,2,0
clip,1,0
wining,1,0
jamstercouk,0,0
weeks,8,4
think,11,139
ANSWER,1,0
wot,1,11
Titles,0,0
optout,1,0
Detroit,1,0
Lions,2,0
MobilesDirect,3,0
funk,3,1
dating,14,0
mid,2,12
youTo,0,0
SkillGame,0,0
Chat,9,0
PORN,2,0
inviting,6,0
CHOSEN,2,0
callback,1,0
wquestion,0,0
Lucozade,2,0
POLYPHONIC,3,0
bloombergcom,0,0
Congrats,2,6
Sunshine,7,0
strings,1,0
GREAT,1,1
Game,6,0
marketing,1,0
Drop,0,1
remove,3,5
settings,0,1
code,16,1
mini,1,3
follow,9,4
Think,2,12
Bookmark,1,0
toClaim,0,0
entry,21,1
Min,11,10
Oranges,2,0
Bears,1,0
NAME,4,2
sticky,1,1
night,6,87
accordingly,0,0
takes,4,12
videopic,0,0
six,1,1
MSG,3,1
notxtcouk,0,0
win,47,56
Ltd,5,0
PASS,1,0
xnet,0,0
Bluetooth,9,0
Calling,0,0
AWAITING,4,0
Wanna,6,3
FreeMsgFeelin,0,0
Duchess,2,0
Chloe,0,0
line,41,29
Ultimate,1,1
stars,1,1
tips,1,0
rcv,4,0
PRIVATE,0,0
yrs,3,2
texts,15,6
SIX,2,0
STORE,4,1
SHOP,4,0
Sky,2,0
TCs,2,0
orig,6,2
breath,1,4
radio,1,3
Bob,0,0
TnCs,6,0
wanted,1,25
either,10,11
CustomerCare,1,0
thing,5,223
GoTo,1,0
Phony,1,0
Street,2,0
child,1,10
browse,1,1
Content,3,0
rply,5,5
Granite,2,0
TnC,8,0
maniac,0,0
via,3,7
NOTHING,0,1
drawPlease,0,0
another,2,30
warranty,0,0
Trav,2,0
FML,0,0
fantasy,1,0
update,7,2
rcvd,2,0
Crazy,1,1
eerie,3,0
replying,6,1
LUCKY,2,0
claim,73,0
chosen,1,0
laidwant,0,0
LILY,2,0
wwwtextcompcom,0,0
Luv,5,0
England,4,0
hope,2,56
cst,1,1
part,12,40
already,1,44
YOUVE,0,0
met,1,68
wwwclubzedcouk,0,0
Block,1,0
Breaker,1,0
Black,1,2
LUCY,1,1
Valid,20,0
Direct,5,0
ARIES,1,0
Fantasy,2,0
wiv,2,4
read,7,92
caller,2,6
nowUse,0,0
passion,1,3
Yeah,1,42
presence,1,0
Scotsman,2,0
ladies,1,1
Hello,2,13
Super,1,3
meetins,1,0
CUP,2,0
CLAIRE,1,0
deals,1,0
finally,1,9
hard,0,23
Halloween,3,0
BangBabes,1,0
PLUS,1,0
gettin,6,48
Ages,1,0
dates,1,2
digits,0,0
format,6,3
HIDE,1,0
download,6,8
must,3,19
easy,3,7
Interflora,1,0
revealed,0,0
exciting,4,2
Farrell,1,0
vodafone,2,0
Money,1,1
okmail,0,0
goals,1,0
todayFrom,0,0
BTooth,0,0
gay,4,1
keep,3,56
Bcm,1,0
Libertines,1,0
luck,6,10
OJA,1,0
handset,1,0
LCCLTD,2,0
inc,13,46
crazy,2,6
polypH,2,0
Wanting,0,0
realize,1,6
gift,11,6
Line,4,0
PHONE,11,1
Elvis,1,0
instructions,1,1
Extra,1,0
found,1,11
fastest,2,0
SPRWM,0,0
released,1,3
Tiger,1,0
lapdancer,0,0
turn,0,27
Correct,1,0
center,2,2
Forwarded,0,0
enjoy,4,19
mens,1,1
extra,6,5
Bray,0,0
responsible,1,0
Presleys,1,0
female,1,2
Croydon,7,0
laid,3,2
BANNEDUK,1,0
partner,4,2
ZOE,1,1
Easter,1,0
got,9,236
Wed,2,1
prizesWith,0,0
HEART,1,4
confirm,1,10
alerts,1,0
expired,1,0
itcould,2,0
wkly,10,0
bill,5,10
DENA,1,0
sub,31,7
life,4,36
Nick,0,1
lose,3,32
along,1,1
Nookii,1,0
May,2,28
pass,9,18
wwwringtonekingcouk,0,0
Spiderman,0,0
notice,3,3
came,19,27
Save,2,1
INCLU,1,0
films,2,0
Requests,1,0
driving,1,19
ringtoneking,1,0
trip,5,14
FRND,6,0
comp,35,43
unclaimed,0,0
items,1,1
ipod,0,0
love,8,125
SUE,1,0
inclusive,5,0
sue,2,4
Tom,1,4
AWARD,0,0
strong,0,4
really,1,65
Guess,6,7
Germany,3,0
Promo,3,0
walk,1,26
JANINExx,1,0
prepayment,0,0
cam,28,34
HELP,3,0
year,9,30
collected,0,1
STOP,45,1
away,1,19
tomorrow,6,47
std,2,1
Costa,7,0
FANTASTIC,4,0
havin,1,1
anyone,1,12
mins,15,11
Winner,2,0
StdTxtRate,0,0
Please,34,30
Mila,0,0
upgrading,1,0
friend,6,64
tickets,1,6
approx,1,1
premium,2,0
Toxic,1,0
DOUBLE,2,0
members,3,1
know,18,205
Hockey,0,0
Hotel,1,0
GSOH,0,0
Loan,4,0
MobcudB,1,0
Apply,2,0
Gay,2,0
FREEPHONE,8,0
wet,1,1
Sender,0,0
Instant,1,0
June,1,1
Service,6,2
NEW,12,6
Careful,0,0
laugh,0,7
definitely,1,6
sunshine,0,0
regard,1,8
Sugababes,0,0
next,13,42
stuff,0,33
Monthly,1,0
fgkslpo,1,0
vouchers,15,0
lookin,10,23
chances,2,0
ref,5,16
potential,1,2
cumin,1,0
pics,8,4
highest,1,0
Bergkamp,1,0
Lots,1,1
CallFREEFONE,2,0
Simpsons,1,0
CoolMob,0,0
wwwcnupdatescomnewsletter,0,0
Dorothykiefercom,0,0
VAT,1,0
Bloomberg,2,0
Welcome,5,0
Youll,0,0
discount,9,1
Voda,9,0
removal,2,0
JorgeShock,0,0
hotels,2,0
Bahamas,2,0
Eire,0,0
learn,2,6
TEXTCOMP,1,0
Gsex,1,0
Check,4,6
PLAY,2,1
outgoing,0,0
team,1,5
Caller,10,5
Gamestar,2,0
acsmsrewards,0,0
wamma,1,0
Activate,3,0
lover,2,6
MONO,1,0
wwwmovietriviatv,0,0
subsequent,1,0
store,4,3
ill,18,246
wwwdbuknet,0,0
ringtones,2,0
SUZY,1,0
Statement,16,0
Hack,1,0
kinda,1,7
best,5,28
SURPRISE,3,4
saucy,3,0
Stoptxt,0,0
Identifier,16,0
like,13,209
subject,1,0
POLYC,1,0
dont,6,87
Nokias,2,0
Rally,2,0
also,2,42
mind,1,35
Offer,6,0
Burger,1,0
POST,1,2
respond,2,6
sextextukcom,0,0
Strokes,0,0
MATCH,2,0
Prize,13,0
cmon,1,0
See,10,19
MOB,3,0
SEXYCHAT,1,0
terms,3,2
NOKIA,15,0
todays,1,4
shortcode,1,0
survey,1,0
right,2,80
TCsstop,0,0
monos,1,0
weekstop,0,0
today,3,49
player,10,8
scammers,1,0
among,2,3
special,13,31
GUARANTEED,3,0
flirt,3,2
selling,1,3
points,0,4
sim,3,12
Reply,40,9
Lux,1,0
naked,1,1
CALL,21,9
flyng,1,0
quoting,5,0
SUMMER,1,0
woman,1,2
register,5,4
httpgotbabescouk,0,0
Tickets,2,0
abroad,1,0
secs,0,0
Top,3,0
bangb,0,0
invited,5,6
msgs,2,4
xxx,4,22
touch,1,15
FLAG,4,0
Theyre,0,1
HARDCORE,1,0
use,15,99
matches,6,0
callcost,2,0
orange,2,2
fraction,1,0
polytruePixRingtonesGames,0,0
recently,2,4
Potter,2,0
FREEFONE,4,0
wwwLdewcom,0,0
unable,2,3
taking,1,18
Mobile,34,2
Trackmarque,1,0
daytime,1,0
Skip,1,0
community,1,1
saturday,1,6
MATCHED,1,0
using,2,10
shopping,4,16
President,0,0
efreefone,1,0
stay,3,30
PREMIER,0,0
messagesim,0,0
Sexy,1,1
UKmobiledate,0,0
collect,28,7
request,1,7
month,3,22
Village,1,0
choose,3,7
busty,1,0
review,4,1
since,2,20
annoncement,0,0
SIM,1,0
shy,0,2
Worth,1,0
wrote,0,1
draws,0,0
improved,2,0
save,1,9
wont,0,30
Back,1,4
noline,5,0
Got,3,22
Summers,1,0
Use,2,2
START,2,0
babes,2,1
TONESReply,0,0
operator,16,0
would,1,60
SonyEricsson,5,0
minutes,5,20
recent,5,4
chatIm,0,0
latests,1,0
Buffy,0,0
NoWorriesLoanscom,0,0
HMV,4,0
PHP,1,0
DRAW,3,0
Singles,1,0
mobilesvary,0,0
July,1,0
resent,11,5
DeliveredTomorrow,0,0
locations,5,0
Collect,1,1
Text,39,4
Polo,2,0
KING,1,3
wither,1,0
house,1,19
havent,0,16
MUST,3,0
Talk,1,4
Pic,2,3
standard,6,0
SONY,1,0
poly,17,0
Sub,6,0
BBlue,0,0
looking,9,19
put,6,35
hvae,1,0
Care,1,0
date,18,12
Find,3,1
EVER,2,4
running,1,4
need,6,147
picked,4,4
MESSAGE,2,1
mths,2,1
Hope,2,46
orno,1,0
Cashbincouk,0,0
Babe,2,7
believe,2,14
Kens,0,0
LORD,1,0
Tenants,4,0
PIC,5,2
thesmszonecom,0,0
FANTASIES,5,0
Help,2,1
WAP,6,0
booking,1,2
follows,0,0
Gnarls,1,0
Great,4,6
replied,1,4
JamsterGet,0,0
please,21,36
draw,33,5
delivery,13,0
SERVs,1,0
install,1,2
ring,25,91
Blu,10,0
VIOLET,2,0
Children,3,0
WIFE,1,1
week,62,54
toppoly,1,0
sms,3,12
Wins,1,0
chance,21,8
TODAY,2,4
MUSIC,10,0
CUTE,1,0
RINGTONE,3,0
QlynnBV,1,0
Digital,6,0
day,64,245
rpl,6,5
GOT,1,7
STAR,3,1
outbid,1,0
DIRTY,1,1
registered,3,4
KNOWS,1,1
Subscription,1,0
EURO,2,0
Holiday,21,0
FINEST,0,0
chik,0,4
wwwcomuknet,0,0
network,23,2
Amy,0,0
rate,20,21
anytime,12,1
polys,4,0
smartThough,0,0
welcome,0,2
GET,5,3
till,9,161
ENTER,2,0
starts,2,4
Suprman,3,0
MeetGreet,0,0
growing,2,0
entered,6,5
ignore,1,4
show,32,38
wwwringtonescouk,0,0
Voucher,10,0
CUST,1,0
phones,15,1
POLY,10,0
left,1,24
FREE,87,1
Important,2,0
HIT,1,3
quality,2,3
thanks,1,21
seeds,2,0
Natalie,1,0
current,12,6
Flag,1,0
XXXXXX,1,0
URGENT,4,0
Shop,6,2
customers,2,0
unsubscribed,1,0
way,1,166
missed,1,17
apply,14,3
datingi,0,0
bitch,0,3
enjoyed,2,2
renewal,1,0
FrogAXEL,0,0
minstexts,0,0
HOTMIX,1,0
Name,1,0
balance,2,4
GIRL,2,2
PSP,1,0
quizclub,0,0
needs,1,11
pole,0,1
Log,2,2
Uks,1,0
PRIVACY,1,0
Fancy,5,1
Customer,11,5
frog,1,0
Wings,1,0
Orange,20,0
Weekly,2,0
slo,2,15
SCOTLAND,1,0
glad,0,4
rec,62,46
IBHltd,3,0
sent,20,66
SiPix,6,0
Stop,8,5
person,2,37
bears,0,0
Kingdom,0,0
hurry,1,2
heard,3,8
ANS,2,1
mymoby,0,0
nothing,2,13
DONE,0,3
tour,0,3
selected,25,2
BluetoothHdset,1,0
YMCA,1,0
ADP,0,0
Today,18,18
self,2,12
Dave,2,1
Thanks,13,27
sound,3,11
Pink,1,0
ree,102,91
virgins,1,0
Date,1,0
informed,2,3
customer,32,4
brand,2,1
DONT,1,2
national,7,0
answer,7,18
Fri,3,12
ads,7,20
mobsicom,0,0
price,10,5
well,1,38
Rate,2,0
AGE,7,1
subscribed,4,0
tattoos,0,0
SLEEPINGWITH,0,0
SavaMob,5,0
dark,2,2
DRACULA,2,0
CLUB,2,0
soon,0,30
Questions,0,0
Chance,1,0
fromm,4,0
trying,15,27
TheMobYo,0,0
HELLOYou,0,0
admirer,6,0
spree,6,0
abuse,0,1
NOWREPLY,0,0
Tones,7,0
TEXT,10,2
fantasies,0,0
click,2,2
name,10,22
member,8,35
wwwareyouuniquecouk,0,0
DIGITAL,1,0
truly,3,1
bout,1,15
used,2,12
Double,12,2
TULIP,2,0
graphics,1,0
selection,5,0
cum,4,14
TITLE,3,0
Dating,1,0
summer,2,1
regular,1,2
promised,1,1
wwwtcbiz,0,0
jocks,1,0
talk,4,46
Bank,0,1
awarded,37,0
Play,6,2
ntwk,4,0
TEXTBUDDY,2,0
landlines,0,0
genuine,3,0
Normal,1,2
hit,2,45
FINAL,2,0
wow,1,1
txting,9,1
chasing,1,1
TAROT,1,0
ORANGE,1,0
Optout,2,0
Tone,14,0
PARISFREE,0,0
BILL,0,0
downloads,3,0
hunks,1,0
mob,95,13
TOP,45,3
vouchersText,0,0
GBPweek,0,0
Services,1,0
Wan,17,10
true,1,9
redeemable,1,0
personal,2,5
choice,2,2
trebles,0,0
networks,2,0
logo,5,1
Incredible,2,0
Video,15,0
SEX,3,1
package,1,1
Saristar,1,0
doggin,2,0
dogs,1,0
term,5,6
doInterested,0,0
ENG,5,0
CHARITY,1,0
wwwSMSacuhmmross,0,0
loyalty,0,0
Loans,1,0
Luck,0,3
Kit,1,0
CAMERA,3,0
xxxmobilemovieclubcomnQJKGIGHJJGCBL,0,0
unsubscribe,14,0
zed,5,6
Mnths,0,0
Send,20,18
MSGS,1,0
texting,1,4
little,3,24
getzedcouk,0,0
WAITING,6,0
strt,1,1
kept,3,4
picTxt,0,0
Make,2,9
Classic,1,0
TheMob,1,0
months,2,5
shortly,1,1
rateTCs,0,0
wwwshortbreaksorguk,0,0
scores,1,1
darling,2,3
played,2,2
Sorry,1,51
Dear,16,26
bored,1,12
Sir,1,2
lucozadecoukwrc,0,0
wat,1,101
wwwregalportfoliocouk,0,0
CLAIM,3,0
ends,10,59
men,35,62
AlertFrom,0,0
WeBeBurnin,1,0
legitimat,1,0
Download,1,0
Camcorder,4,0
SAE,15,0
AGreen,0,0
cruise,2,1
yer,16,11
lounge,1,1
worth,12,5
hungry,1,7
failed,1,1
HALF,1,0
bid,3,1
paying,1,6
start,8,43
TOTAL,2,0
cheaper,0,2
Mins,10,0
gotto,1,0
GMW,1,0
tonight,2,27
Gossip,0,0
Thank,14,46
FREERingtoneReply,0,0
Tomorrow,1,2
Norcorp,1,0
global,1,0
wwwbridalpetticoatdreamscouk,0,0
yourinclusive,1,0
fund,1,2
TsCs,3,0
Cheap,2,0
Pete,1,8
ALERT,0,0
AOM,1,0
idiot,1,1
nowSavaMobmember,0,0
MESSAGEThanks,0,0
Stream,1,0
polyphonic,1,0
flights,2,0
console,0,0
Rgds,1,0
sic,5,23
PRIZEAWAITING,1,0
Sptv,0,0
stadium,0,0
Matthew,1,0
reward,2,2
TOTALLY,1,0
goodies,0,0
RGENT,4,0
town,2,19
every,33,65
FLOWER,2,1
prizeTo,0,0
unredeemed,4,0
Account,16,2
man,16,106
Cup,3,0
CameraVideo,0,0
BIDS,1,0
UNICEFs,0,0
Starts,2,1
stamped,2,0
med,13,30
AccommodationVouchers,1,0
Simply,2,1
CARLIE,1,0
EXPLOSIVE,2,0
wwwrtfsphostingcom,0,0
httpwwwurawinnercom,0,0
NOK,17,0
StewartSize,0,0
currently,10,3
Dick,0,0
SMSSERVICES,0,0
Karaoke,1,0
Opt,5,0
close,0,20
activate,1,1
Keep,1,6
Everyone,1,0
Goal,0,0
Provided,2,0
Hard,3,0
SED,1,3
wwwgetzedcouk,0,0
Half,7,0
INDIA,1,2
announcement,2,0
notified,1,0
CRed,0,0
await,24,1
National,5,0
new,52,65
ready,6,74
Get,32,12
Unsubscribe,3,0
asap,0,1
Mob,46,2
nearly,1,2
representative,10,0
Show,1,0
httpimg,0,0
TSCs,0,0
FIND,2,2
Burns,1,0
Home,4,2
telephone,1,1
Active,2,0
perfect,1,2
explicit,2,1
SMS,13,5
Accident,2,0
trial,1,0
optin,1,0
Lucy,1,0
James,1,0
Invaders,2,0
XXX,7,7
good,4,110
Dizzee,1,0
called,1,30
happy,0,36
minute,5,32
FMyou,0,0
Euro,4,0
added,2,4
photo,3,8
ones,38,10
sexy,9,9
cashin,0,0
alert,1,0
Secured,1,0
svc,0,0
html,1,0
Valentines,2,5
plus,5,7
EyedDont,0,0
hrs,1,3
entitled,8,0
provided,1,0
cashbalance,0,0
Cha,14,8
questionstd,0,0
ZOUK,1,0
page,1,8
Homeowners,3,0
recieve,1,0
King,1,2
Ring,7,0
Sppok,1,0
bootydelious,1,0
ringtoneget,0,0
Gift,4,0
lifetime,0,1
Midnight,1,1
cheap,2,6
mustprovide,1,0
Headset,1,0
Devils,1,0
make,11,97
